t,relative_s,capacity,active_fraction,free_fraction,evictable_fraction,queue,running,throughput,acceptance,evicted_exported,host_used
1790438546.4,6.6100685596466064,2375168.0,0.02543651649062298,0.974563483509377,0.0,20.0,6.0,0.0,2.65,,50688.0
1790438556.4,16.610068559646606,2375168.0,0.07377667600776029,0.9262233239922397,0.0,16.0,12.0,0.0,2.65,,151808.0
1790438566.4,26.610068559646606,2375168.0,0.12809872817417547,0.8719012718258246,0.0,14.0,14.0,0.0,2.65,,268288.0
1790438576.5,36.710068464279175,2375168.0,0.18344470791118775,0.8165552920888123,0.0,7.0,19.0,0.0,2.65,,423168.0
1790438586.5,46.710068464279175,2375168.0,0.23846734209959042,0.7615326579004096,0.0,5.0,23.0,0.0,2.65,,545280.0
1790438596.5,56.710068464279175,2375168.0,0.2957533951282604,0.7042466048717396,0.0,3.0,25.0,0.0,2.65,,662016.0
1790438606.6,66.81006836891174,2375168.0,0.35185384781202844,0.6481461521879716,0.0,2.0,27.0,0.0,2.65,,786688.0
1790438616.6,76.81006836891174,2375168.0,0.4084932097434792,0.5915067902565208,0.0,0.0,29.0,0.0,2.65,,940288.0
1790438626.6,86.81006836891174,2375168.0,0.4242293597758138,0.5453761586548825,0.03039448156930373,1.0,28.0,0.0,2.65,,940288.0
1790438636.7,96.91006851196289,2375168.0,0.38278723862901487,0.5119098943737874,0.10530286699719767,0.0,25.0,30.974863511690778,3.2217068645640072,,1142528.0
1790438646.7,106.91006851196289,2375168.0,0.3728174175468851,0.48814399655098084,0.13903858590213408,0.0,24.0,254.6824757254539,3.106290672451193,,1189376.0
1790438656.8,117.01006841659546,2375168.0,0.35169217503772365,0.45990515197240783,0.1884026729898685,1.0,22.0,338.8867937884856,3.07015306122449,,1263360.0
1790438666.8,127.01006841659546,2375168.0,0.4260616512179349,0.43780987281741757,0.13612847596464756,0.0,21.0,331.168117666663,3.071729957805907,,1312768.0
1790438676.9,137.1100685596466,2375168.0,0.43236688941582235,0.39625996982108214,0.17137314076309548,1.0,25.0,617.7094220387127,2.949367088607595,,1408768.0
1790438686.9,147.1100685596466,2375168.0,0.4294567794783358,0.3748113817633111,0.1957318387583531,1.0,24.0,1019.727955420896,3.007741935483871,,1442560.0
1790438696.9,157.1100685596466,2375168.0,0.390816986419487,0.3595602500538909,0.2496227635266221,0.0,23.0,526.6976695629143,2.9783783783783786,,1494016.0
1790438707.0,167.21006846427917,2375168.0,0.45381547747359346,0.3454947186893727,0.20068980383703383,0.0,24.0,509.33483064047346,3.0011933174224343,2048.0,1520896.0
1790438717.0,177.21006846427917,2375168.0,0.415660702737659,0.3120823453330459,0.2722569519292951,1.0,25.0,627.9580737488462,3.118268215417107,2048.0,1541120.0
1790438727.0,187.21006846427917,2375168.0,0.5115326579004096,0.2598620392325932,0.2286053028669972,1.0,26.0,627.9580737488462,3.118268215417107,2048.0,1541120.0
1790438737.1,197.31006836891174,2375168.0,0.5454300495796508,0.22639577495149818,0.22817417546885105,0.0,27.0,132.18182359306172,2.953056768558952,57344.0,1808384.0
1790438747.1,207.31006836891174,2375168.0,0.4550549687432636,0.20273765897822807,0.3422073722785083,0.0,26.0,603.8703691683423,2.9651995905834188,67584.0,1832704.0
1790438757.1,217.31006836891174,2375168.0,0.47661133865057126,0.174283250700582,0.34910541064884676,0.0,24.0,1120.8816724060277,3.0035335689045937,110592.0,1908992.0
1790438767.2,227.4100685119629,2375168.0,0.6349967665445139,0.12367967234317741,0.24132356111230868,0.0,27.0,1120.8816724060277,3.0035335689045937,163840.0,1910016.0
1790438777.2,237.4100685119629,2375168.0,0.6236257814184092,0.09872817417546885,0.277646044406122,0.0,25.0,146.5814242199307,3.053435114503817,186368.0,2129152.0
1790438787.2,247.4100685119629,2375168.0,0.5285621901271825,0.09312351799956887,0.37831429187324855,0.0,22.0,806.488754843462,3.1091101694915255,196608.0,2146048.0
1790438797.3,257.51006841659546,2375168.0,0.5011856003449019,0.08406984263849968,0.4147445570165984,0.0,21.0,798.4691675958281,2.937273823884198,225280.0,2169088.0
1790438807.7,267.9100685119629,2375168.0,0.44562405690881657,0.07787238629014874,0.47650355680103473,1.0,21.0,844.6693406261568,3.1181525241675616,282624.0,2189824.0
1790438817.7,277.9100685119629,2375168.0,0.5609506359129123,0.07269885751239491,0.3663505065746928,0.0,24.0,699.4032045573624,2.9481641468682507,331776.0,2201344.0
1790438827.7,287.9100685119629,2375168.0,0.43748652726880793,0.06025005389092477,0.5022634188402673,0.0,20.0,599.9280869504886,2.952069716775599,446464.0,2241280.0
1790438837.9,298.1100685596466,2375168.0,0.45171373140763094,0.04084932097434792,0.5074369476180212,2.0,19.0,875.9261269597476,3.0620767494356658,489472.0,2254592.0
1790438848.0,308.2100684642792,2375168.0,0.5449450312567363,0.032334554860961415,0.4227204138823022,0.0,22.0,814.9368619780503,3.0365984930032295,550912.0,2270464.0
1790438858.0,318.2100684642792,2375168.0,0.5669864194869584,0.004472946755766329,0.4285406337572753,0.0,24.0,832.7429316522196,2.9773399014778326,632832.0,2344960.0
1790438868.0,328.2100684642792,2375168.0,0.6017460659624919,0.0029101099374865273,0.39534382410002156,1.0,23.0,832.7429316522196,2.9773399014778326,1466368.0,2373632.0
1790438878.1,338.31006836891174,2375168.0,0.6190450528131063,0.0033951282604009485,0.37755981892649276,0.0,23.0,387.8320569883089,3.0390707497360085,2017280.0,2523392.0
1790438888.1,348.31006836891174,2375168.0,0.5660163828411295,0.001886182366889416,0.43209743479198104,0.0,20.0,591.0339640291835,2.90990990990991,2279424.0,2537728.0
1790438898.2,358.4100685119629,2375168.0,0.5654235826686786,0.0032334554860961413,0.43134296184522525,0.0,17.0,1052.533443888803,2.909194097616345,2744320.0,2617856.0
1790438908.3,368.51006841659546,2375168.0,0.5920456995042035,0.0036645828842422935,0.4042897176115542,0.0,23.0,594.7831519541232,3.017591339648173,3094528.0,2711808.0
1790438918.3,378.51006841659546,2375168.0,0.6010993748652727,0.0014011640439749945,0.3974994610907523,0.0,23.0,400.6156337920003,3.0679245283018868,3432448.0,2755072.0
1790438928.3,388.51006841659546,2375168.0,0.5918301358051304,0.0026945462384134512,0.40547531795645614,0.0,24.0,985.4353662673676,3.0054704595185995,3909632.0,2764544.0
1790438938.4,398.6100685596466,2375168.0,0.5520047424013796,0.002101746065962492,0.4458935115326579,0.0,23.0,294.9743766691835,3.0180467091295116,4640768.0,2777856.0
1790438948.4,408.6100685596466,2375168.0,0.6063267945677948,0.004365164906229791,0.38930804052597545,3.0,23.0,228.60940273880036,2.949570815450644,5294080.0,2992640.0
1790438958.4,418.6100685596466,2375168.0,0.7134080620823453,0.002371200689803837,0.28422073722785085,0.0,25.0,312.0583120578646,2.902673796791444,6356992.0,3011840.0
1790438968.5,428.7100684642792,2375168.0,0.7051088596680319,0.002371200689803837,0.2925199396421643,2.0,24.0,1084.15465768953,3.0638977635782747,6678528.0,3137536.0
1790438978.5,438.7100684642792,2375168.0,0.6218473809010563,0.001993964216425954,0.37615865488251776,4.0,23.0,412.22939480077923,3.115926327193933,7491584.0,3253760.0
1790438988.5,448.7100684642792,2375168.0,0.694923474886829,0.004041819357620177,0.30103470575555075,0.0,29.0,248.9242031692944,3.067061143984221,8529920.0,3327744.0
1790438998.8,459.01006841659546,2375168.0,0.6748221599482647,0.004311273981461522,0.32086656607027375,0.0,27.0,704.1560325394298,2.9240506329113924,8923136.0,3346688.0
1790439008.9,469.1100685596466,2375168.0,0.6564992455270533,0.0018322914421211468,0.3416684630308256,0.0,24.0,650.8737386820684,3.003864734299517,10092544.0,3419904.0
1790439018.9,479.1100685596466,2375168.0,0.5918840267298987,0.0036106919594740246,0.4045052813106273,0.0,25.0,908.7793634835369,3.0738119312436805,10293248.0,3429120.0
1790439028.9,489.1100685596466,2375168.0,0.5316878637637422,0.002263418840267299,0.4660487173959905,0.0,22.0,744.2116114350059,2.912663755458515,10520576.0,3464960.0
1790439039.0,499.2100684642792,2375168.0,0.6531041172666523,0.0033951282604009485,0.34350075447294676,0.0,28.0,650.3865893531976,2.8983572895277208,10760192.0,3494144.0
1790439049.0,509.2100684642792,2375168.0,0.4535460228497521,0.0029101099374865273,0.5435438672127614,1.0,16.0,843.5072584195532,2.9393939393939394,10913792.0,3521024.0
1790439059.0,519.2100684642792,2375168.0,0.495796507868075,0.002047855141194223,0.5021556369907307,1.0,22.0,976.0673003806126,3.120212765957447,11333632.0,3606528.0
1790439069.1,529.3100683689117,2375168.0,0.4916469066609183,0.0042573830566932525,0.5040957102823884,1.0,23.0,525.8697240575017,3.029017857142857,12087296.0,3616768.0
1790439079.1,539.3100683689117,2375168.0,0.46949773658115973,0.002155636990730761,0.5283466264281095,3.0,22.0,345.40075339603845,2.935856992639327,12677120.0,3704832.0
1790439089.3,549.5100684165955,2375168.0,0.47973701228713084,0.002371200689803837,0.5178917870230653,0.0,22.0,838.8926073723527,3.0021953896816687,12828672.0,3768832.0
1790439099.3,559.5100684165955,2375168.0,0.4790903211899116,0.0036645828842422935,0.5172450959258461,0.0,22.0,902.7422741497342,2.9234285714285715,12986368.0,3786752.0
1790439109.3,569.5100684165955,2375168.0,0.3775059280017245,0.00274843716318172,0.6197456348350938,1.0,19.0,816.0378995793673,2.988396624472574,13160448.0,3807488.0
1790439119.4,579.6100685596466,2375168.0,0.3682905798663505,0.002155636990730761,0.6295537831429188,0.0,24.0,452.40591206357226,3.050351288056206,13488128.0,3845120.0
1790439129.4,589.6100685596466,2375168.0,0.4462707480060358,0.0015628368182798017,0.5521664151756844,0.0,23.0,974.6518169104168,3.0053022269353127,13668352.0,3862016.0
1790439139.4,599.6100685596466,2375168.0,0.45537831429187325,0.005173528777753826,0.539448156930373,0.0,26.0,788.6019693107855,3.106261859582543,13948928.0,3884288.0
1790439149.5,609.7100684642792,2375168.0,0.45677947833584825,0.002371200689803837,0.5408493209743479,0.0,24.0,1091.6679715639234,2.8993963782696177,14280704.0,3936256.0
1790439159.5,619.7100684642792,2375168.0,0.4916469066609183,0.002317309765035568,0.5060357835740461,0.0,24.0,627.6325792273129,3.058252427184466,14538752.0,3961088.0
1790439169.5,629.7100684642792,2375168.0,0.4939103255011856,0.003934037508083639,0.5021556369907307,0.0,27.0,464.40855396029804,2.9384765625,15161344.0,4028160.0
1790439179.7,639.9100685119629,2375168.0,0.476557447725803,0.0036106919594740246,0.519831860314723,0.0,26.0,1259.6604707198533,3.0950980392156864,15503360.0,4036096.0
1790439189.7,649.9100685119629,2375168.0,0.4847488682905799,0.004041819357620177,0.5112093123518,0.0,26.0,567.1498921374645,3.0469667318982387,16001024.0,4123648.0
1790439199.8,660.0100684165955,2375168.0,0.34662642810950633,0.002371200689803837,0.6510023712006898,1.0,21.0,598.5003999946707,2.928136419001218,16269312.0,4150272.0
1790439209.9,670.1100685596466,2375168.0,0.3942660056046562,0.0029101099374865273,0.6028238844578573,0.0,23.0,344.27161877663644,3.1197860962566843,16834560.0,4223744.0
1790439219.9,680.1100685596466,2375168.0,0.42978012502694546,0.00026945462384134514,0.5699504203492132,0.0,24.0,944.887154258236,2.9474708171206228,17117184.0,4222464.0
1790439229.9,690.1100685596466,2375168.0,0.4974132356111231,0.002478982539340375,0.5001077818495365,0.0,25.0,394.06428006714543,3.039761431411531,17774592.0,4314368.0
1790439240.0,700.2100684642792,2375168.0,0.4651864625996982,0.004634619530071136,0.5301789178702306,1.0,22.0,1024.3732725122547,2.8756815703380587,18132992.0,4337408.0
1790439250.0,710.2100684642792,2375168.0,0.3994934253071783,0.0028562190127182584,0.5976503556801035,0.0,17.0,997.2568800206851,2.946236559139785,18278400.0,4359936.0
1790439260.0,720.2100684642792,2375168.0,0.5464539771502479,0.0031256736365596035,0.4504203492131925,0.0,26.0,382.5160920963476,2.940159574468085,18970624.0,4430592.0
1790439270.1,730.3100683689117,2375168.0,0.5431127398146152,0.002263418840267299,0.45462384134511746,2.0,25.0,785.9345298339132,2.868530020703934,19613696.0,4465664.0
1790439280.1,740.3100683689117,2375168.0,0.5956563914636775,0.004149601207156715,0.40019400732916577,0.0,27.0,691.3945466583294,2.9760536398467434,20027392.0,4554240.0
1790439290.3,750.5100684165955,2375168.0,0.5268915714593663,0.003934037508083639,0.4691743910325501,0.0,22.0,407.35269226338255,2.9696312364425164,20439040.0,4602112.0
1790439300.4,760.6100685596466,2375168.0,0.5900517352877775,0.004041819357620177,0.4059064453546023,0.0,25.0,822.89863652409,3.0342245989304812,20944896.0,4605952.0
1790439310.4,770.6100685596466,2375168.0,0.5640763095494719,0.0033951282604009485,0.4325285621901272,0.0,22.0,918.8956719888868,3.05307855626327,21110784.0,4679680.0
1790439320.4,780.6100685596466,2375168.0,0.5292088812244018,0.0016167277430480707,0.4691743910325501,0.0,20.0,913.9076642702108,2.9797872340425533,21886976.0,4689664.0
1790439330.5,790.7100684642792,2375168.0,0.5260832075878422,0.004311273981461522,0.46960551843069626,0.0,23.0,1008.3503044290242,3.0897043832823647,22145024.0,4709120.0
1790439340.7,800.9100685119629,2375168.0,0.5945246820435439,0.004095710282388446,0.40137960767406766,0.0,24.0,676.099504588377,2.8847969782813974,22597632.0,4757760.0
1790439350.7,810.9100685119629,2375168.0,0.6132787238629015,0.0015089458935115326,0.385212330243587,0.0,24.0,323.26576369244884,2.9629277566539924,22759424.0,4766976.0
1790439360.7,820.9100685119629,2375168.0,0.5915067902565208,0.003017891787023065,0.40547531795645614,0.0,25.0,628.6200355989281,3.0059171597633134,22992896.0,4788736.0
1790439370.8,831.0100684165955,2375168.0,0.6147337788316447,0.002101746065962492,0.38316447510239277,0.0,24.0,541.1556749139139,2.861746361746362,23212032.0,4812544.0
1790439380.8,841.0100684165955,2375168.0,0.5913990084069842,0.004311273981461522,0.4042897176115542,0.0,24.0,586.1558076391539,2.9934354485776806,23453696.0,4832768.0
1790439390.9,851.1100685596466,2375168.0,0.5527053244233671,0.004634619530071136,0.4426600560465618,0.0,23.0,898.8844191099928,3.017039403620873,23580672.0,4830208.0
1790439401.0,861.2100684642792,2375168.0,0.5892433714162535,0.0032334554860961413,0.40752317309765035,1.0,22.0,854.0876079152489,2.9375,24272896.0,4854528.0
1790439411.0,871.2100684642792,2375168.0,0.6162966156499246,0.0034490191851692174,0.38025436516490624,2.0,24.0,435.0089483132852,3.102272727272727,24791040.0,4862464.0
1790439421.0,881.2100684642792,2375168.0,0.6178594524682044,0.00220952791549903,0.3799310196162966,0.0,23.0,750.5177421564474,2.9076433121019107,25065472.0,4941056.0
1790439431.1,891.3100683689117,2375168.0,0.5321728820866566,0.0013472731192067256,0.4664798447941367,1.0,22.0,638.7608033594079,2.815914489311164,25511936.0,4951040.0
1790439441.1,901.3100683689117,2375168.0,0.5126643673205432,0.0037184738090105625,0.4836171588704462,1.0,20.0,274.26179801922467,2.840909090909091,26171392.0,5036800.0
1790439451.1,911.3100683689117,2375168.0,0.5863871524035352,0.00274843716318172,0.41086441043328303,0.0,23.0,818.2118773758315,2.8665987780040734,26597376.0,5092864.0
1790439461.2,921.4100685119629,2375168.0,0.5759862039232593,0.002586764388876913,0.4214270316878638,1.0,23.0,759.3757743618752,2.9372972972972975,26880000.0,5093632.0
1790439471.2,931.4100685119629,2375168.0,0.5287777538262557,0.0034490191851692174,0.4677732269885751,2.0,18.0,924.9704491680551,2.9181208053691274,27361280.0,5102080.0
1790439481.2,941.4100685119629,2375168.0,0.3389200258676439,0.002532873464108644,0.6585471006682475,0.0,14.0,980.7131079202262,2.9831546707503827,27650048.0,5101312.0
1790439491.3,951.5100684165955,2375168.0,0.582129769346842,0.0026945462384134512,0.41517568441474456,0.0,22.0,890.8130335784678,2.9789473684210526,27846656.0,5105664.0
1790439501.3,961.5100684165955,2375168.0,0.5269454623841345,0.002263418840267299,0.4707911187755982,1.0,21.0,986.0418812540272,3.1190751445086704,28145664.0,5104384.0
1790439511.3,971.5100684165955,2375168.0,0.49148523388661347,0.005173528777753826,0.5033412373356326,3.0,19.0,1101.7637791444156,3.028735632183908,28712960.0,5098240.0
1790439521.4,981.6100685596466,2375168.0,0.6093985772795861,0.005173528777753826,0.3854278939426601,0.0,23.0,862.3681173236947,3.1057906458797326,29022208.0,5102592.0
1790439531.4,991.6100685596466,2375168.0,0.5822914421211468,0.00016167277430480706,0.4175468851045484,1.0,24.0,645.6583297627812,3.1246105919003115,29394944.0,5099776.0
1790439541.5,1001.7100684642792,2375168.0,0.48981461521879716,0.004365164906229791,0.505820219874973,0.0,19.0,970.7901408177393,3.0379888268156425,29667328.0,5101312.0
1790439551.5,1011.7100684642792,2375168.0,0.594363009269239,0.0030717827117913345,0.4025652080189696,0.0,25.0,717.7994734506415,2.707983193277311,29890560.0,5101824.0
1790439561.5,1021.7100684642792,2375168.0,0.5429510670403104,0.00274843716318172,0.4543004957965079,0.0,24.0,458.2510928242024,2.9604829857299673,29972480.0,5103872.0
1790439571.6,1031.8100683689117,2375168.0,0.5259215348135374,0.0038262556585471007,0.4702522095279155,0.0,22.0,713.3509002972254,2.9130998702983137,30228480.0,5100800.0
1790439581.6,1041.8100683689117,2375168.0,0.42670834231515414,0.003987928432851908,0.569303729251994,1.0,18.0,839.4597688813643,2.9328671328671327,30400512.0,5101568.0
1790439591.6,1051.8100683689117,2375168.0,0.602554429834016,0.0032873464108644102,0.39415822375511966,0.0,24.0,285.3037580940918,2.900516795865633,31170560.0,5101824.0
1790439601.7,1061.910068511963,2375168.0,0.6285298555723217,0.0015628368182798017,0.36990730760939855,1.0,23.0,228.5973081380128,2.742376445846477,31950848.0,5105408.0
1790439611.8,1072.0100684165955,2375168.0,0.6877559818926493,0.002371200689803837,0.3098728174175469,0.0,26.0,213.13222254229936,2.8860759493670884,32696320.0,5101568.0
1790439621.8,1082.0100684165955,2375168.0,0.5079758568657038,0.003987928432851908,0.48803621470144426,0.0,20.0,1043.2166299309733,3.0342612419700212,32837632.0,5101568.0
1790439631.9,1092.1100685596466,2375168.0,0.5874110799741323,0.0038801465833153696,0.4087087734425523,1.0,20.0,934.5957448137038,3.015513126491647,33032192.0,5097984.0
1790439641.9,1102.1100685596466,2375168.0,0.552274197025221,0.0029101099374865273,0.4448156930372925,0.0,23.0,716.7220991559296,3.0588235294117645,33275904.0,5098496.0
1790439652.0,1112.2100684642792,2375168.0,0.7076417331321405,0.0015628368182798017,0.29079543004957964,0.0,25.0,439.7042815892639,3.1400233372228703,33617920.0,5102592.0
1790439662.0,1122.2100684642792,2375168.0,0.6552058633326148,0.002802328087949989,0.34199180857943523,0.0,23.0,975.389318276968,2.9631190727081136,34019328.0,5103872.0
1790439672.0,1132.2100684642792,2375168.0,0.6584932097434792,0.0075986203923259325,0.33390816986419486,0.0,24.0,1106.1191520693926,3.040862656072645,34990080.0,5095936.0
1790439682.1,1142.3100683689117,2375168.0,0.7314076309549472,0.002586764388876913,0.2660056046561759,0.0,27.0,259.19250001553604,2.9957356076759063,35454976.0,5102848.0
1790439692.1,1152.3100683689117,2375168.0,0.7208450097003665,0.0015089458935115326,0.277646044406122,0.0,24.0,1164.0671936700926,3.005842259006816,36020224.0,5103872.0
1790439702.1,1162.3100683689117,2375168.0,0.6758999784436301,0.0034490191851692174,0.3206510023712007,0.0,23.0,771.1818043689316,2.9297297297297296,36194304.0,5102080.0
1790439712.2,1172.410068511963,2375168.0,0.7543112739814615,0.004365164906229791,0.24132356111230868,0.0,26.0,737.3368263451367,2.938864628820961,36941824.0,5103616.0
1790439722.2,1182.410068511963,2375168.0,0.7892325932312998,0.0032873464108644102,0.20748006035783573,0.0,27.0,564.9333312743075,2.913294797687861,37414912.0,5101312.0
1790439732.2,1192.410068511963,2375168.0,0.6248652726880793,0.002317309765035568,0.3728174175468851,2.0,22.0,1209.9748190259647,3.1629554655870447,37984256.0,5104384.0
1790439742.3,1202.5100684165955,2375168.0,0.6603793921103687,0.0019400732916576848,0.3376805345979737,1.0,22.0,1061.85499816847,2.9560747663551403,38273024.0,5101056.0
1790439752.4,1212.6100685596466,2375168.0,0.6639900840698426,0.0014550549687432637,0.3345548609614141,1.0,22.0,815.1608160552903,3.017458777885548,38488064.0,5104384.0
1790439762.4,1222.6100685596466,2375168.0,0.8062082345333046,0.002047855141194223,0.1917439103255012,1.0,24.0,743.860983951328,3.0118721461187214,38785024.0,5105408.0
1790439772.5,1232.7100684642792,2375168.0,0.834123733563268,0.002371200689803837,0.16350506574692822,0.0,27.0,1051.358955119422,2.911032028469751,39092224.0,5101568.0
1790439782.8,1243.0100684165955,2375168.0,0.7316770855787885,0.002532873464108644,0.26579004095710285,0.0,27.0,882.9483854258366,3.0140712945590993,39249920.0,5101824.0
1790439792.8,1253.0100684165955,2375168.0,0.7994179780125027,0.002263418840267299,0.19831860314723002,0.0,27.0,857.9785615617993,2.8777679362267494,39397376.0,5098496.0
1790439803.0,1263.2100684642792,2375168.0,0.6339728389739168,0.005712438025436517,0.3603147230006467,0.0,25.0,567.7732684390995,2.910958904109589,39593984.0,5102848.0
1790439813.0,1273.2100684642792,2375168.0,0.6521879715455917,0.002586764388876913,0.3452252640655314,0.0,22.0,1047.1602472486945,2.983991462113127,39708672.0,5103360.0
1790439823.1,1283.3100683689117,2375168.0,0.6249191636128476,0.0016167277430480707,0.37346410864410434,0.0,23.0,780.1235215601071,3.1422222222222222,39974912.0,5104128.0
1790439833.2,1293.410068511963,2375168.0,0.6732593231299849,0.002425091614572106,0.32431558525544296,0.0,23.0,525.011537397386,2.9940047961630696,40368128.0,5100032.0
1790439843.2,1303.410068511963,2375168.0,0.7228389739167924,0.0037184738090105625,0.273442552274197,0.0,27.0,505.7765495078007,3.102021174205967,40751104.0,5100544.0
1790439853.3,1313.5100684165955,2375168.0,0.6789178702306532,0.002478982539340375,0.3186031472300065,0.0,26.0,757.2473224434466,3.045592705167173,40914944.0,5103104.0
1790439863.3,1323.5100684165955,2375168.0,0.6817740892433715,0.0026406553136451823,0.3155852554429834,0.0,23.0,772.7884479103966,3.019672131147541,41558016.0,5104896.0
1790439873.3,1333.5100684165955,2375168.0,0.6559603362793706,0.002371200689803837,0.3416684630308256,1.0,25.0,639.3562269704183,3.161060142711519,41791488.0,5101824.0
1790439883.4,1343.6100685596466,2375168.0,0.55448372494072,0.0011317094201336495,0.44438456563914636,0.0,19.0,1028.4754339772005,2.9937823834196893,42008576.0,5102336.0
1790439893.4,1353.6100685596466,2375168.0,0.6068118128907092,0.0015089458935115326,0.39167924121577924,3.0,22.0,605.643035945223,2.8859857482185274,42475520.0,5101312.0
1790439903.4,1363.6100685596466,2375168.0,0.6322483293813321,0.005820219874973055,0.36193145074369476,1.0,25.0,335.45038141090026,2.891604675876727,43182080.0,5099008.0
1790439913.5,1373.7100684642792,2375168.0,0.6290687648200043,0.00274843716318172,0.368182798016814,3.0,24.0,238.5554899724002,2.889,43231232.0,5096448.0
1790439923.5,1383.7100684642792,2375168.0,0.7641194222892865,0.0036106919594740246,0.2322698857512395,0.0,29.0,240.50547928537983,3.0212981744421907,43821056.0,5098496.0
1790439933.6,1393.8100683689117,2375168.0,0.6272364733778831,0.0042573830566932525,0.3685061435654236,1.0,22.0,786.5339018661163,3.053854276663147,43968512.0,5105408.0
1790439943.6,1403.8100683689117,2375168.0,0.6198534166846303,0.0029101099374865273,0.3772364733778832,0.0,23.0,1080.8569278654834,3.096078431372549,44312576.0,5090304.0
1790439953.6,1413.8100683689117,2375168.0,0.6632356111230868,0.0042573830566932525,0.33250700582021986,1.0,24.0,600.4117298259255,2.9103313840155947,44509184.0,5103616.0
1790439963.7,1423.910068511963,2375168.0,0.6808040525975426,0.00274843716318172,0.3164475102392757,2.0,24.0,434.1959726294641,2.909441233140655,45062144.0,5101824.0
1790439973.7,1433.910068511963,2375168.0,0.6266975641302005,0.0026406553136451823,0.37066178055615434,1.0,27.0,444.0425511476986,3.0590440487347705,45334528.0,5100544.0
1790439983.7,1443.910068511963,2375168.0,0.5144427678378961,0.0018322914421211468,0.48372494071998273,0.0,25.0,956.3923323401541,3.0680473372781063,45508608.0,5100288.0
1790439993.8,1454.0100684165955,2375168.0,0.49735934468635484,0.0028562190127182584,0.49978443630092695,0.0,23.0,942.820067062505,2.9525252525252523,45656064.0,5101568.0
1790440003.8,1464.0100684165955,2375168.0,0.510616512179349,0.001993964216425954,0.48738952360422505,0.0,25.0,658.7450679846473,2.9258836944127706,46168064.0,5103104.0
1790440013.8,1474.0100684165955,2375168.0,0.4580728605302867,0.0026945462384134512,0.5392325932312998,0.0,23.0,1012.4941695319977,2.7946611909650922,46667776.0,5100288.0
1790440023.9,1484.1100685596466,2375168.0,0.5255981892649277,0.0042573830566932525,0.47014442767837894,0.0,24.0,999.5983942643966,3.054736842105263,47065088.0,5099776.0
1790440033.9,1494.1100685596466,2375168.0,0.49240137960767405,0.0016706186678163398,0.5059280017245096,0.0,24.0,961.0195983224901,3.0150451354062184,47183872.0,5096192.0
1790440044.0,1504.2100684642792,2375168.0,0.48183875835309337,0.001886182366889416,0.5162750592800173,0.0,21.0,847.1663530693272,2.856981981981982,47382528.0,5103360.0
1790440054.2,1514.410068511963,2375168.0,0.5691420564776891,0.0030717827117913345,0.4277861608105195,0.0,22.0,894.2601584748884,3.028692879914984,47839232.0,5102592.0
1790440064.2,1524.410068511963,2375168.0,0.6221707264496659,0.001886182366889416,0.3759430911834447,2.0,25.0,1017.4118665353308,2.954764196342637,48048128.0,5104896.0
1790440074.2,1534.410068511963,2375168.0,0.6227096356973486,0.00274843716318172,0.3745419271394697,1.0,26.0,420.5606418495141,3.0412060301507537,48476160.0,5096704.0
1790440084.3,1544.5100684165955,2375168.0,0.5418193576201767,0.004850183229144212,0.45333045915067904,2.0,23.0,964.0044131518891,2.9377859103385178,48791552.0,5101568.0
1790440094.3,1554.5100684165955,2375168.0,0.5587949989221815,0.00026945462384134514,0.44093554645397715,0.0,25.0,827.8899174636505,3.0328185328185326,48975872.0,5098496.0
1790440104.3,1564.5100684165955,2375168.0,0.5933929726234102,0.0053352015520586335,0.40127182582453114,0.0,24.0,901.7728922052393,3.053937432578209,49287168.0,5101056.0
1790440114.4,1574.6100685596466,2375168.0,0.5842315154128045,0.004472946755766329,0.4112955378314292,2.0,24.0,527.6116987836325,3.092753623188406,49588224.0,5100544.0
1790440124.4,1584.6100685596466,2375168.0,0.64383487820651,0.0026406553136451823,0.3535244664798448,1.0,27.0,926.1841419901059,3.073170731707317,50221056.0,5103872.0
1790440134.4,1594.6100685596466,2375168.0,0.6639361931450743,0.0015089458935115326,0.3345548609614141,1.0,25.0,1051.0576532945838,2.9876868953386104,50593792.0,5095424.0
1790440144.5,1604.7100684642792,2375168.0,0.6516490622979091,0.002586764388876913,0.3457641733132141,0.0,25.0,790.8877071241294,3.0535019455252916,50833408.0,5096704.0
1790440154.6,1614.8100683689117,2375168.0,0.570704893295969,0.0034490191851692174,0.4258460875188618,0.0,21.0,881.3409871955301,3.098574821852732,51218432.0,5101312.0
1790440164.7,1624.910068511963,2375168.0,0.5299094632463893,0.002425091614572106,0.46766544513903857,1.0,21.0,866.1686218513495,2.984799131378936,51437568.0,5104640.0
1790440174.8,1635.0100684165955,2375168.0,0.5751239491269671,0.002802328087949989,0.422073722785083,0.0,22.0,973.5679282383376,3.089159067882472,51709952.0,5090304.0
1790440184.8,1645.0100684165955,2375168.0,0.6186139254149601,0.004149601207156715,0.3772364733778832,0.0,26.0,945.4470507373474,3.2497625830959165,51994624.0,5104384.0
1790440194.9,1655.1100685596466,2375168.0,0.6605949558094417,0.0038801465833153696,0.33552489760724297,0.0,26.0,528.7539155586225,2.9981998199819984,52375552.0,5104128.0
1790440204.9,1665.1100685596466,2375168.0,0.6836602716102609,0.002478982539340375,0.3138607458503988,0.0,27.0,952.7812958444221,3.026112185686654,52869120.0,5102336.0
1790440214.9,1675.1100685596466,2375168.0,0.7426169433067471,0.0036645828842422935,0.2537184738090106,0.0,28.0,365.3185211615378,2.9647954329210275,53567488.0,5105408.0
1790440225.0,1685.2100684642792,2375168.0,0.7032226773011425,0.0015628368182798017,0.2952144858805777,0.0,26.0,462.87289631675526,2.9866284622731616,54198272.0,5104896.0
1790440235.0,1695.2100684642792,2375168.0,0.7651972407846519,0.0030717827117913345,0.2317309765035568,0.0,28.0,594.3964116929062,3.0457943925233644,54573056.0,5103104.0
1790440245.0,1705.2100684642792,2375168.0,0.7717719336063806,0.0030717827117913345,0.22515628368182797,0.0,28.0,354.97210794401605,3.1147686832740216,55279616.0,5102848.0
1790440255.1,1715.3100683689117,2375168.0,0.7196594093554646,0.0031256736365596035,0.27721491700797585,0.0,24.0,828.9163802415161,3.0420382165605098,55468032.0,5101568.0
1790440265.1,1725.3100683689117,2375168.0,0.662858374649709,0.004203492131924984,0.332938133218366,1.0,23.0,888.0303986641603,3.077892325315006,55611392.0,5098496.0
1790440275.1,1735.3100683689117,2375168.0,0.7469282172882087,0.002047855141194223,0.2510239275705971,0.0,26.0,1022.4319420015551,3.0392344497607655,56055808.0,5101312.0
1790440285.1,1745.3100683689117,2375168.0,0.6818279801681397,0.002802328087949989,0.31536969174391033,0.0,23.0,845.8242889893748,2.7340314136125654,56201216.0,5087488.0
1790440295.3,1755.5100684165955,2375168.0,0.7267191205001078,0.0017784005173528778,0.2715024789825393,0.0,23.0,798.0200023473553,3.009814612868048,56309760.0,5088512.0
1790440305.3,1765.5100684165955,2375168.0,0.7050549687432637,0.0030717827117913345,0.291873248544945,1.0,24.0,517.5967000563201,2.896446700507614,56766464.0,5097216.0
1790440315.4,1775.6100685596466,2375168.0,0.7507544729467558,0.0031795645613278724,0.24606596249191637,1.0,25.0,859.5656457581028,2.9563197026022303,57262080.0,5097728.0
1790440325.4,1785.6100685596466,2375168.0,0.7629877128691528,0.002802328087949989,0.23420995904289718,1.0,27.0,777.3814980201606,2.923357664233577,57714688.0,5099776.0
1790440335.5,1795.7100684642792,2375168.0,0.6611338650571243,0.0019400732916576848,0.3369260616512179,1.0,21.0,1114.9246901132158,3.0312771503040836,58052608.0,5098496.0
1790440345.5,1805.7100684642792,2375168.0,0.818118128907092,0.0016706186678163398,0.18021125242509162,0.0,28.0,589.0183488970434,2.967502321262767,58437632.0,5099776.0
1790440355.6,1815.8100683689117,2375168.0,0.7869152834662643,0.002478982539340375,0.21060573399439533,0.0,27.0,964.8549252224283,2.9623318385650226,58574848.0,5103104.0
1790440365.7,1825.910068511963,2375168.0,0.6631278292735503,0.001886182366889416,0.3349859883595602,0.0,25.0,467.92899527716054,2.95116988809766,59019264.0,5102080.0
1790440375.7,1835.910068511963,2375168.0,0.5544298340159517,0.0010778184953653806,0.4444923474886829,2.0,20.0,679.0099151358248,2.9473684210526314,59410432.0,5105152.0
1790440385.8,1846.0100684165955,2375168.0,0.6783789609829705,0.005281310627290365,0.31633972838973917,0.0,24.0,467.08528842132336,2.978798586572438,60198912.0,5103616.0
1790440395.8,1856.0100684165955,2375168.0,0.6168894158223756,0.0005928001724509592,0.38251778400517356,1.0,22.0,267.9366159885107,3.0991820040899793,60870656.0,5104640.0
1790440405.8,1866.0100684165955,2375168.0,0.7767837896098297,0.002371200689803837,0.22084500970036647,0.0,27.0,910.0677220347311,2.970707070707071,61227008.0,5096448.0
1790440415.9,1876.1100685596466,2375168.0,0.6643673205432206,0.0015089458935115326,0.33412373356326797,3.0,23.0,772.5209720133165,3.0170132325141776,61771776.0,5100288.0
1790440425.9,1886.1100685596466,2375168.0,0.6699180857943522,0.00037723647337788315,0.3297046777322699,0.0,23.0,882.6482432071372,2.9642521166509876,62234624.0,5101056.0
1790440435.9,1896.1100685596466,2375168.0,0.683498598835956,0.0035029101099374863,0.3129984910541065,0.0,25.0,448.45816477847967,2.903030303030303,62988288.0,5099776.0
1790440446.0,1906.2100684642792,2375168.0,0.779047208450097,0.0018322914421211468,0.21912050010778186,0.0,27.0,736.028510791316,2.935935935935936,63404032.0,5102592.0
1790440456.0,1916.2100684642792,2375168.0,0.9504742401379608,0.0035029101099374863,0.04602284975210175,0.0,30.0,246.606844001144,2.8899707887049657,64278528.0,5102592.0
1790440466.1,1926.3100683689117,2375168.0,0.7120068980383704,0.0016167277430480707,0.2863763742185816,0.0,25.0,827.9128758718257,2.945334590009425,64425984.0,5101056.0
1790440476.2,1936.410068511963,2375168.0,0.7563052381978875,0.002371200689803837,0.24132356111230868,0.0,24.0,876.3539270366042,2.9609375,64710656.0,5094144.0
1790440486.3,1946.5100684165955,2375168.0,0.822914421211468,0.0029101099374865273,0.17417546885104548,0.0,24.0,884.940247042185,3.0538160469667317,64858112.0,5100032.0
1790440496.3,1956.5100684165955,2375168.0,0.6493856434576417,0.002586764388876913,0.34802759215348134,0.0,21.0,688.005930650765,3.0535905680600215,65054720.0,5099776.0
1790440506.3,1966.5100684165955,2375168.0,0.773226988575124,0.002371200689803837,0.2244018107350722,0.0,26.0,921.294165039621,3.095145631067961,65265664.0,5098496.0
1790440516.4,1976.6100685596466,2375168.0,0.7476826902349645,0.0031256736365596035,0.24919163612847597,0.0,25.0,853.640675358301,3.0983118172790465,65462272.0,5104128.0
1790440526.4,1986.6100685596466,2375168.0,0.6916361284759647,0.0016167277430480707,0.3067471437809873,2.0,22.0,642.9622631343428,2.972340425531915,65728512.0,5101568.0
1790440536.4,1996.6100685596466,2375168.0,0.8332614787669756,0.0026945462384134512,0.1640439749946109,0.0,28.0,918.9187093938442,3.0148367952522257,65947648.0,5102592.0
1790440546.5,2006.7100684642792,2375168.0,0.7308687217072645,0.0014011640439749945,0.26773011424876053,0.0,26.0,315.1633055556536,2.888544891640867,66291712.0,5096960.0
1790440556.5,2016.7100684642792,2375168.0,0.7398685061435655,0.0028562190127182584,0.2572752748437163,0.0,26.0,308.6249905741021,3.104417670682731,66938880.0,5101824.0
1790440566.6,2026.8100683689117,2375168.0,0.7633649493425307,0.001886182366889416,0.23474886829057987,2.0,24.0,684.8666836532318,2.942428035043805,67110912.0,5099264.0
1790440576.7,2036.910068511963,2375168.0,0.8257706402241862,0.0017784005173528778,0.17245095925846088,0.0,28.0,365.8177816737615,3.009242144177449,67463168.0,5099520.0
1790440586.8,2047.0100684165955,2375168.0,0.7605626212545807,0.0016706186678163398,0.23776676007760295,0.0,24.0,1112.3128424138315,3.0576086956521737,67637248.0,5102080.0
1790440596.8,2057.0100684165955,2375168.0,0.5772256951929295,0.003934037508083639,0.4188402672989868,0.0,22.0,687.8087893010851,3.0155728587319244,67833856.0,5099264.0
1790440606.9,2067.1100685596466,2375168.0,0.5723216210390171,0.0018322914421211468,0.4258460875188618,0.0,21.0,941.4876806979357,2.9828571428571427,67883008.0,5102336.0
1790440616.9,2077.1100685596466,2375168.0,0.5936624272472516,0.002047855141194223,0.4042897176115542,1.0,19.0,783.439586290375,2.9050410316529893,68079616.0,5102592.0
1790440627.1,2087.3100683689117,2375168.0,0.6884026729898685,0.003772364733778832,0.30782496227635264,0.0,21.0,812.5996823491078,3.041082164328657,68325376.0,5101056.0
1790440637.1,2097.3100683689117,2375168.0,0.8342854063375728,0.001993964216425954,0.1637206294460013,0.0,23.0,962.372726082167,3.0417940876656475,68472832.0,5101312.0
1790440647.2,2107.410068511963,2375168.0,0.8073399439534382,0.0053352015520586335,0.18732485449450312,0.0,23.0,902.4994554885396,3.0021141649048624,68767744.0,5097984.0
1790440657.2,2117.410068511963,2375168.0,0.7728497521017461,0.002425091614572106,0.22472515628368184,0.0,25.0,698.1005718778163,2.841304347826087,69013504.0,5099776.0
1790440667.2,2127.410068511963,2375168.0,0.6553136451821513,0.002586764388876913,0.34209959042897176,0.0,24.0,600.3998339103093,2.962781586679726,69214208.0,5100800.0
1790440677.3,2137.5100684165955,2375168.0,0.7384673420995904,0.002101746065962492,0.25943091183444705,1.0,25.0,979.3731717706048,2.9534391534391533,69816320.0,5098752.0
1790440687.3,2147.5100684165955,2375168.0,0.7776460444061221,0.0016167277430480707,0.22073722785082991,0.0,26.0,272.4603431283306,3.032619775739042,70383616.0,5103104.0
1790440697.3,2157.5100684165955,2375168.0,0.7508622547962923,0.0014550549687432637,0.24768269023496442,0.0,25.0,569.6517409710149,2.9989615784008308,70682624.0,5102080.0
1790440707.4,2167.6100685596466,2375168.0,0.6248652726880793,0.0015628368182798017,0.37357189049364087,0.0,24.0,572.4589033151842,2.868675995694295,70873088.0,5105152.0
1790440717.4,2177.6100685596466,2375168.0,0.7371200689803837,0.0036645828842422935,0.259215348135374,0.0,25.0,1011.7685447063872,3.074109720885467,71108608.0,5090816.0
1790440727.4,2187.6100685596466,2375168.0,0.7086117697779694,0.002532873464108644,0.28885535675792195,0.0,24.0,768.638195405396,3.1038696537678208,71305216.0,5104640.0
1790440737.5,2197.710068464279,2375168.0,0.7128152619098944,0.003934037508083639,0.283250700582022,1.0,26.0,660.4649437671757,3.0455026455026455,71698432.0,5098496.0
1790440747.5,2207.710068464279,2375168.0,0.7772688079327441,0.0026406553136451823,0.2200905367536107,0.0,29.0,288.008576615143,3.050485436893204,72288256.0,5099520.0
1790440757.5,2217.710068464279,2375168.0,0.718743263634404,0.0017784005173528778,0.27947833584824316,0.0,26.0,605.9241538112304,3.0391959798994974,72794112.0,5101056.0
1790440767.6,2227.8100683689117,2375168.0,0.6275598189264928,0.00220952791549903,0.3702306531580082,1.0,22.0,907.7100172871319,3.1130247578040904,73656320.0,5101824.0
1790440777.6,2237.8100683689117,2375168.0,0.6302004742401379,0.002155636990730761,0.3676438887691313,0.0,24.0,599.9908392037652,3.088681446907818,73852928.0,5104384.0
1790440787.8,2248.0100684165955,2375168.0,0.6619961198534167,0.0018322914421211468,0.3361715887044622,0.0,24.0,882.2894492955149,3.0884573894282634,74029056.0,5102336.0
1790440797.9,2258.1100685596466,2375168.0,0.7230006466910972,0.004634619530071136,0.27236473377883164,0.0,24.0,823.0739066531773,3.136797454931071,74219520.0,5097216.0
1790440807.9,2268.1100685596466,2375168.0,0.5624056908816555,0.0014011640439749945,0.43619314507436946,0.0,20.0,977.3680329174775,3.039156626506024,74387456.0,5101312.0
1790440817.9,2278.1100685596466,2375168.0,0.6462060788963139,0.0026406553136451823,0.35115326579004097,0.0,24.0,1120.1714503391654,3.1261171797418075,74655744.0,5102080.0
1790440828.0,2288.210068464279,2375168.0,0.6806423798232377,0.0016167277430480707,0.3177408924337142,0.0,25.0,403.53669302220305,3.0729701952723536,75147264.0,5094400.0
1790440838.0,2298.210068464279,2375168.0,0.6798340159517138,0.0033951282604009485,0.31677085578788533,2.0,21.0,403.53669302220305,3.0729701952723536,75970560.0,5100288.0
1790440848.0,2308.210068464279,2375168.0,0.8236150032334555,0.005011856003449019,0.17137314076309548,0.0,28.0,964.866205090756,3.0625641025641026,76138496.0,5100032.0
1790440858.1,2318.3100683689117,2375168.0,0.7372817417546885,0.00016167277430480706,0.2625565854710067,2.0,25.0,595.5269003252772,3.04995004995005,76328960.0,5091328.0
1790440868.1,2328.3100683689117,2375168.0,0.6595710282388446,0.0028562190127182584,0.3375727527484372,0.0,26.0,314.9564156512813,3.1875,77049856.0,5102336.0
1790440878.2,2338.410068511963,2375168.0,0.6920133649493425,0.0014550549687432637,0.3065315800819142,1.0,24.0,1003.5208508021003,3.0670498084291187,77344768.0,5095424.0
1790440888.3,2348.5100684165955,2375168.0,0.6643673205432206,0.0003233455486096141,0.33530933390816986,3.0,22.0,357.83521222319695,3.0875251509054324,78155776.0,5098496.0
1790440898.4,2358.6100685596466,2375168.0,0.6098297046777322,0.002155636990730761,0.388014658331537,0.0,22.0,999.5463781056429,3.1535982814178305,78643200.0,5099776.0
1790440908.5,2368.710068464279,2375168.0,0.6520262987712869,0.0013472731192067256,0.34662642810950633,0.0,25.0,922.5234484230281,3.074074074074074,78868480.0,5100032.0
1790440918.5,2378.710068464279,2375168.0,0.7085578788532011,0.0017245095925846087,0.28971761155421427,0.0,27.0,894.0700647081746,2.9932692307692306,79087616.0,5100288.0
1790440928.6,2388.8100683689117,2375168.0,0.6268592369045053,0.002263418840267299,0.3708773442552274,0.0,28.0,592.9726611262397,3.0407149950347567,79345664.0,5060608.0
1790440938.6,2398.8100683689117,2375168.0,0.6485772795861177,0.0026406553136451823,0.3487820651002371,0.0,28.0,523.55338111291,3.0785198555956677,79753216.0,5038336.0
1790440948.6,2408.8100683689117,2375168.0,0.6778939426600561,0.0037184738090105625,0.3183875835309334,0.0,28.0,549.8083787206078,2.977164605137964,79978496.0,4993792.0
1790440958.7,2418.910068511963,2375168.0,0.5782496227635266,0.0036645828842422935,0.4180857943522311,0.0,24.0,1060.5415232509922,2.899602385685885,80175104.0,4982016.0
1790440968.7,2428.910068511963,2375168.0,0.5208018969605518,0.002263418840267299,0.47693468419918084,2.0,22.0,620.3321576401291,2.9409681227863045,80666624.0,5004544.0
1790440978.8,2439.0100684165955,2375168.0,0.6151110153050227,0.003017891787023065,0.3818710929079543,0.0,24.0,897.1280902797607,2.9420289855072466,81033216.0,5049344.0
1790440988.8,2449.0100684165955,2375168.0,0.6726665229575339,0.004850183229144212,0.32248329381332186,0.0,27.0,509.4382114277884,3.1236068895643365,81524736.0,5069312.0
1790440998.8,2459.0100684165955,2375168.0,0.6557447725802975,0.0018322914421211468,0.3424229359775814,1.0,27.0,468.5378961914694,2.9902439024390244,81960960.0,5049856.0
1790441008.9,2469.1100685596466,2375168.0,0.5973270101314938,0.0014011640439749945,0.40127182582453114,0.0,23.0,1163.408354720647,2.983274647887324,82227200.0,5099008.0
1790441018.9,2479.1100685596466,2375168.0,0.6413020047424014,0.004095710282388446,0.3546022849752102,3.0,24.0,790.7978594506214,3.0913190529875987,82573312.0,5099776.0
1790441028.9,2489.1100685596466,2375168.0,0.6612955378314291,0.0016706186678163398,0.3370338435007545,0.0,26.0,802.8693294692494,2.963654223968566,82833408.0,5103104.0
1790441039.0,2499.210068464279,2375168.0,0.6828519077387368,0.0036106919594740246,0.31353740030178917,0.0,27.0,1057.3350528305884,2.9177449168207024,83030016.0,5096448.0
1790441049.0,2509.210068464279,2375168.0,0.6266436732054322,0.0016167277430480707,0.3717395990515197,0.0,27.0,1077.0234986323596,2.9196113074204946,83128320.0,5090304.0
1790441059.0,2519.210068464279,2375168.0,0.6477150247898253,0.0026406553136451823,0.34964431989652944,0.0,23.0,991.6377815628912,3.150360453141092,84062208.0,5099520.0
1790441069.1,2529.3100683689117,2375168.0,0.7172343177408924,0.0042573830566932525,0.2785082992024143,0.0,29.0,861.7769835605442,3.1131907308377897,84576256.0,5104896.0
1790441079.1,2539.3100683689117,2375168.0,0.6744449234748868,0.00220952791549903,0.3233455486096141,0.0,27.0,576.4276228775581,2.8530042918454934,84744192.0,5102336.0
1790441089.1,2549.3100683689117,2375168.0,0.5734533304591507,0.0033951282604009485,0.42315154128044835,0.0,24.0,731.8340577984468,2.678055190538765,85100544.0,5102336.0
1790441099.2,2559.410068511963,2375168.0,0.5242509161457211,0.0034490191851692174,0.47230006466910973,0.0,21.0,785.6131513117034,2.945089757127772,85557248.0,5101056.0
1790441109.2,2569.410068511963,2375168.0,0.6009377020909679,0.0035029101099374863,0.3955593877990946,0.0,24.0,769.1997361848264,2.8929001203369435,85731328.0,5105664.0
1790441119.2,2579.410068511963,2375168.0,0.6511640439749946,0.0014550549687432637,0.3473809010562621,0.0,25.0,742.2173505743347,3.026694045174538,85956608.0,5104384.0
1790441129.3,2589.5100684165955,2375168.0,0.6747143780987281,0.0035568010347057557,0.32172882086656607,0.0,25.0,812.3956639873132,2.9295065458207454,86167552.0,5103104.0
1790441139.3,2599.5100684165955,2375168.0,0.626212545807286,0.0019400732916576848,0.37184738090105623,1.0,26.0,907.662541342432,2.9200779727095516,86431744.0,5079552.0
1790441149.3,2609.5100684165955,2375168.0,0.6841452899331752,0.002101746065962492,0.3137529640008623,0.0,28.0,1071.1654357239493,2.924645390070922,86806528.0,5101056.0
1790441159.4,2619.6100685596466,2375168.0,0.6141409786591938,0.007005820219874973,0.37885320112093124,0.0,26.0,673.7824264880827,2.8810408921933086,87154688.0,5103104.0
1790441169.4,2629.6100685596466,2375168.0,0.6344578572968312,0.00274843716318172,0.3627937055399871,0.0,26.0,784.090081872018,2.9223968565815324,87312384.0,5100288.0
1790441179.4,2639.6100685596466,2375168.0,0.6187217072644967,0.0015628368182798017,0.37971545591722355,0.0,25.0,904.0337066900596,2.8094240837696334,87474176.0,5096704.0
1790441189.5,2649.710068464279,2375168.0,0.6390924768269024,0.002101746065962492,0.3588057771071352,0.0,26.0,891.6322454842708,2.9610894941634243,87683072.0,5099520.0
1790441199.5,2659.710068464279,2375168.0,0.5759862039232593,0.004526837680534598,0.4194869583962061,1.0,22.0,794.7810399454179,2.854771784232365,88010752.0,5103360.0
1790441209.5,2669.710068464279,2375168.0,0.5697348566501401,0.0018322914421211468,0.4284328519077387,0.0,24.0,929.7676520827283,3.036036036036036,88193024.0,5104640.0
1790441219.6,2679.8100683689117,2375168.0,0.5934468635481784,0.003017891787023065,0.40353524466479845,0.0,25.0,766.0588747475961,2.728761514841351,88379392.0,5105152.0
1790441229.6,2689.8100683689117,2375168.0,0.6568225910756629,0.002371200689803837,0.3408062082345333,0.0,28.0,970.1061310068081,2.988138686131387,88555520.0,5103104.0
1790441239.7,2699.910068511963,2375168.0,0.6291765466695408,0.0033951282604009485,0.3674283250700582,0.0,28.0,707.1506520450587,2.874871794871795,88821760.0,5076736.0
1790441249.7,2709.910068511963,2375168.0,0.6327333477042466,0.0029640008622547963,0.3643026514334986,1.0,26.0,651.9303612953711,2.9166666666666665,89516032.0,5093888.0
1790441259.8,2720.0100684165955,2375168.0,0.6423798232377668,0.002155636990730761,0.3554645397715025,0.0,25.0,368.907961836649,3.075098814229249,90112000.0,5094400.0
1790441269.8,2730.0100684165955,2375168.0,0.6683013580513042,0.001993964216425954,0.3297046777322699,0.0,26.0,964.7985816938833,3.0739549839228295,90380288.0,5098240.0
1790441279.8,2740.0100684165955,2375168.0,0.7057016598404828,0.004580728605302867,0.28971761155421427,0.0,27.0,304.8329757721338,3.088328075709779,91127808.0,5095168.0
1790441289.9,2750.1100685596466,2375168.0,0.6822591075662858,0.004095710282388446,0.3136451821513257,0.0,25.0,879.8135413923454,2.891235480464625,91336704.0,5100800.0
1790441299.9,2760.1100685596466,2375168.0,0.6907738736796724,0.005281310627290365,0.3039448156930373,0.0,25.0,861.6942537551133,2.857440166493236,91523072.0,5103104.0
1790441309.9,2770.1100685596466,2375168.0,0.6902888553567579,0.0032873464108644102,0.30642379823237764,1.0,26.0,923.3123595818387,2.947420634920635,91707392.0,5100032.0
1790441320.0,2780.210068464279,2375168.0,0.7088812244018108,0.0031256736365596035,0.28799310196162964,0.0,26.0,832.527361736746,3.038567493112948,91961344.0,5102592.0
1790441330.0,2790.210068464279,2375168.0,0.7312459581806424,0.005011856003449019,0.2637421858159086,0.0,27.0,894.9519239194035,3.0275482093663912,92237824.0,5095680.0
1790441340.0,2800.210068464279,2375168.0,0.6125242509161457,0.005820219874973055,0.38165552920888124,0.0,24.0,961.3073063737621,2.9107505070993915,92356608.0,5101312.0
1790441350.1,2810.3100683689117,2375168.0,0.6764388876913128,0.0016167277430480707,0.3219443845656391,1.0,26.0,841.7744255971535,2.9340974212034383,92659712.0,5096192.0
1790441360.1,2820.3100683689117,2375168.0,0.6603793921103687,0.0034490191851692174,0.3361715887044622,3.0,23.0,888.978802172551,2.9632936507936507,93065216.0,5098752.0
1790441370.3,2830.5100684165955,2375168.0,0.6039017029532227,0.003772364733778832,0.3923259323129985,1.0,20.0,1088.304028563162,2.943894389438944,93339648.0,5100800.0
1790441380.3,2840.5100684165955,2375168.0,0.647230006466911,0.002371200689803837,0.3503987928432852,1.0,21.0,825.844681875028,3.058385093167702,93579264.0,5099264.0
1790441390.4,2850.6100685596466,2375168.0,0.7311381763311059,0.0010239275705971114,0.26783789609829706,0.0,25.0,431.79449855149016,2.8927125506072873,94191616.0,5101824.0
1790441400.4,2860.6100685596466,2375168.0,0.6676546669540849,0.0030717827117913345,0.32927355033412375,0.0,24.0,375.73951391645465,2.9640831758034025,94734336.0,5099264.0
1790441410.5,2870.710068464279,2375168.0,0.5959797370122871,0.002532873464108644,0.40148738952360424,0.0,19.0,671.9388287779273,2.9974811083123427,94992384.0,5103360.0
1790441420.7,2880.910068511963,2375168.0,0.5597111446432421,0.0035568010347057557,0.43673205432205214,0.0,20.0,439.8843374400759,3.184834123222749,95500288.0,5100544.0
1790441430.7,2890.910068511963,2375168.0,0.6698103039448157,0.004041819357620177,0.3261478766975641,2.0,22.0,229.14260230186562,2.938823529411765,96206848.0,5099264.0
1790441440.7,2900.910068511963,2375168.0,0.6166738521233024,0.004688510454839405,0.3786376374218582,6.0,20.0,229.14260230186562,2.938823529411765,96972800.0,5095680.0
1790441450.8,2911.0100684165955,2375168.0,0.8195192929510671,0.00220952791549903,0.17827117913343393,2.0,25.0,633.3383156132755,3.0774021352313166,97726464.0,5100544.0
1790441460.8,2921.0100684165955,2375168.0,0.7603470575555077,0.002532873464108644,0.2371200689803837,0.0,26.0,888.4348015544117,3.014450867052023,98076672.0,5105664.0
1790441470.8,2931.0100684165955,2375168.0,0.7518861823668894,0.002802328087949989,0.2453114895451606,0.0,21.0,540.9764764933562,2.9161528976572133,98347008.0,5104128.0
1790441480.9,2941.1100685596466,2375168.0,0.6620500107781849,0.0026406553136451823,0.33530933390816986,0.0,21.0,704.2755967439372,2.875453446191052,98465792.0,5098496.0
1790441490.9,2951.1100685596466,2375168.0,0.7219228281957318,0.0016167277430480707,0.2764604440612201,0.0,23.0,476.1477876071456,3.014332965821389,98809856.0,5101056.0
1790441500.9,2961.1100685596466,2375168.0,0.7892864841560682,0.004634619530071136,0.20607889631386075,0.0,26.0,755.951510446726,3.112691466083151,99006464.0,5091328.0
1790441511.0,2971.210068464279,2375168.0,0.765412804483725,0.002425091614572106,0.23216210390170294,0.0,23.0,514.4330228993125,2.955334987593052,99209216.0,5088256.0
1790441521.0,2981.210068464279,2375168.0,0.8459258460875189,0.0013472731192067256,0.1527268807932744,0.0,26.0,339.15452588231017,2.9822134387351777,99872768.0,5086208.0
1790441531.0,2991.210068464279,2375168.0,0.8429618452252641,0.005820219874973055,0.15121793489976287,0.0,25.0,719.325311565225,3.019628099173554,100118528.0,5100544.0
1790441541.1,3001.3100683689117,2375168.0,0.7499461090752317,0.0018322914421211468,0.24822159948264713,1.0,24.0,827.3596853499326,2.823471400394477,100345856.0,5095680.0
1790441551.1,3011.3100683689117,2375168.0,0.7702090967881009,0.007113602069411511,0.2226773011424876,0.0,24.0,740.9847076954263,2.934143870314083,100614144.0,5105664.0
1790441561.2,3021.410068511963,2375168.0,0.767622332399224,0.0014011640439749945,0.23097650355680102,1.0,24.0,781.591402585779,2.9696969696969697,100706304.0,5099008.0
1790441571.2,3031.410068511963,2375168.0,0.7738736796723432,0.0017245095925846087,0.2244018107350722,0.0,26.0,1029.956721701525,2.8870813397129185,100907008.0,5098752.0
1790441581.3,3041.5100684165955,2375168.0,0.6758460875188618,0.0015628368182798017,0.3225910756628584,0.0,22.0,811.6755089342907,2.891472868217054,101339136.0,5103616.0
1790441591.3,3051.5100684165955,2375168.0,0.7509161457210606,0.003772364733778832,0.2453114895451606,0.0,23.0,889.3937775156027,2.947089947089947,101535744.0,5105664.0
1790441601.3,3061.5100684165955,2375168.0,0.7593231299849106,0.0016167277430480707,0.2390601422720414,0.0,24.0,421.10913783254074,3.040289256198347,101939200.0,5102080.0
1790441611.4,3071.6100685596466,2375168.0,0.7873464108644105,0.0014011640439749945,0.21125242509161457,1.0,25.0,695.7295462104543,3.007276507276507,102258688.0,5102592.0
1790441621.4,3081.6100685596466,2375168.0,0.7047855141194223,0.0016167277430480707,0.29359775813752964,3.0,23.0,1009.8307272973329,3.138351983723296,102750208.0,5095936.0
1790441631.4,3091.6100685596466,2375168.0,0.8055615434360853,0.004850183229144212,0.18958827333477044,0.0,25.0,272.1571225033083,3.1068464730290457,103340032.0,5104896.0
1790441641.5,3101.710068464279,2375168.0,0.7926277214917008,0.0029101099374865273,0.20446216857081267,0.0,24.0,858.2787572135295,3.0929519918283965,103536640.0,5103104.0
1790441651.5,3111.710068464279,2375168.0,0.6632356111230868,0.0028562190127182584,0.33390816986419486,1.0,22.0,601.5381370192177,3.1061855670103093,103817216.0,5102848.0
1790441661.6,3121.8100683689117,2375168.0,0.7040310411726666,0.0029101099374865273,0.29305884888984696,0.0,23.0,831.5689470954404,3.0706243602865917,103927808.0,5098240.0
1790441671.6,3131.8100683689117,2375168.0,0.7886936839836172,0.001886182366889416,0.2094201336494934,0.0,24.0,567.2205797273832,3.0054644808743167,104077312.0,5096704.0
1790441681.6,3141.8100683689117,2375168.0,0.7958611769777969,0.0017245095925846087,0.20241431342961846,0.0,26.0,656.9877731855405,3.136904761904762,104288256.0,5097216.0
1790441691.7,3151.910068511963,2375168.0,0.6906122009053676,0.002425091614572106,0.3069627074800604,1.0,22.0,372.43008865807894,3.0480295566502464,105402368.0,5097728.0
1790441701.7,3161.910068511963,2375168.0,0.7357189049364087,0.0018322914421211468,0.26244880362147016,1.0,23.0,372.43008865807894,3.0480295566502464,106074112.0,5104640.0
1790441711.7,3171.910068511963,2375168.0,0.6917978012502695,0.0015628368182798017,0.30663936193145075,2.0,22.0,782.6437142183341,3.15531914893617,106510336.0,5101568.0
1790441721.8,3182.0100684165955,2375168.0,0.8012502694546239,0.0032334554860961413,0.19551627505928001,0.0,27.0,318.4161966149891,3.162768031189084,107194368.0,5099776.0
1790441731.8,3192.0100684165955,2375168.0,0.5581483078249623,0.0015628368182798017,0.44028885535675794,0.0,23.0,501.6519466811244,3.026058631921824,107493376.0,5098496.0
1790441741.9,3202.1100685596466,2375168.0,0.7010131493856434,0.0019400732916576848,0.29704677732269885,3.0,24.0,888.7660056304696,3.0629722921914357,108199936.0,5092096.0
1790441751.9,3212.1100685596466,2375168.0,0.6950312567363656,0.0013472731192067256,0.3036214701444277,4.0,24.0,216.07057805389914,2.7992957746478875,108998656.0,5096192.0
1790441761.9,3222.1100685596466,2375168.0,0.731569303729252,0.00274843716318172,0.26568225910756627,0.0,28.0,736.9709996223896,2.969538729329852,109516800.0,5104640.0
1790441772.0,3232.210068464279,2375168.0,0.8045376158654882,0.0036106919594740246,0.19185169217503772,0.0,25.0,710.23055713484,3.0063025210084033,109725696.0,5100544.0
1790441782.0,3242.210068464279,2375168.0,0.6954084932097435,0.003772364733778832,0.3008191420564777,0.0,25.0,877.651902897947,3.0701381509032943,109873152.0,5101824.0
1790441792.4,3252.6100685596466,2375168.0,0.5364302651433499,0.0016167277430480707,0.46195300711360204,0.0,19.0,862.7266702202533,3.129268292682927,110008320.0,5103104.0
1790441802.5,3262.710068464279,2375168.0,0.710929079543005,0.003772364733778832,0.2852985557232162,0.0,25.0,852.7717570350145,3.0807962529274007,110180352.0,5099520.0
1790441812.5,3272.710068464279,2375168.0,0.7717719336063806,0.0036106919594740246,0.22461737443414528,0.0,26.0,840.1102391990261,2.981818181818182,110573568.0,5104128.0
1790441822.5,3282.710068464279,2375168.0,0.8088488898469498,0.0026406553136451823,0.18851045483940504,0.0,26.0,640.2148840690719,3.0856820744081173,110770176.0,5104128.0
1790441832.6,3292.8100683689117,2375168.0,0.7435869799525759,0.002478982539340375,0.25393403750808363,3.0,23.0,404.53071266428674,2.951923076923077,111411200.0,5104640.0
1790441842.6,3302.8100683689117,2375168.0,0.6777322698857512,0.0034490191851692174,0.31881871092907954,1.0,21.0,1004.9926090725804,3.059546313799622,111552512.0,5099776.0
1790441852.7,3312.910068511963,2375168.0,0.6140331968096573,0.0018322914421211468,0.3841345117482216,1.0,22.0,1115.7844638569047,3.0695468914646997,111790080.0,5099264.0
1790441862.7,3322.910068511963,2375168.0,0.7611015305022634,0.00220952791549903,0.23668894158223755,0.0,25.0,775.5073900211191,3.165543792107796,112152576.0,5100800.0
1790441872.8,3333.0100684165955,2375168.0,0.7767837896098297,0.002047855141194223,0.22116835524897607,0.0,26.0,820.139250367477,3.104306220095694,112293888.0,5102592.0
1790441882.9,3343.1100685596466,2375168.0,0.8248006035783574,0.001886182366889416,0.17331321405475317,0.0,27.0,351.83508509387343,3.13265306122449,112852992.0,5104896.0
1790441892.9,3353.1100685596466,2375168.0,0.6649601207156715,0.002101746065962492,0.332938133218366,0.0,22.0,968.5413774012114,3.080208333333333,113084416.0,5102848.0
1790441902.9,3363.1100685596466,2375168.0,0.5644535460228498,0.0018322914421211468,0.4337141625350291,1.0,20.0,979.974682140604,2.939112487100103,113272832.0,5089024.0
1790441913.0,3373.210068464279,2375168.0,0.6030933390816986,0.00026945462384134514,0.39663720629446003,0.0,26.0,546.2811417825553,2.9276111685625645,113604608.0,5078784.0
1790441923.0,3383.210068464279,2375168.0,0.5507113602069411,0.0014550549687432637,0.44783358482431557,0.0,22.0,546.2811417825553,2.9276111685625645,114425856.0,5098496.0
1790441933.0,3393.210068464279,2375168.0,0.6519724078465187,0.006790256520801897,0.34123733563267944,1.0,26.0,629.1834529777851,2.8039443155452437,114839552.0,5087744.0
1790441943.1,3403.3100683689117,2375168.0,0.5881116619961199,0.00220952791549903,0.40967881008838114,2.0,23.0,1076.6732950270086,2.9411764705882355,115165184.0,5071104.0
1790441953.1,3413.3100683689117,2375168.0,0.6216857081267515,0.0019400732916576848,0.37637421858159087,0.0,26.0,457.08197587895893,3.1094890510948905,115656704.0,5100032.0
1790441963.2,3423.410068511963,2375168.0,0.5544298340159517,0.003017891787023065,0.4425522741970252,1.0,23.0,798.2684508443906,3.07192118226601,115892224.0,5099264.0
1790441973.3,3433.5100684165955,2375168.0,0.6434576417331321,0.002802328087949989,0.35374003017891786,0.0,25.0,880.039758250164,3.080382775119617,116236288.0,5104640.0
1790441983.3,3443.5100684165955,2375168.0,0.6853308902780771,0.0037184738090105625,0.3109506359129123,0.0,29.0,733.8347786625147,3.001737619461338,116482048.0,5101312.0
1790441993.4,3453.6100685596466,2375168.0,0.5457533951282604,0.0032873464108644102,0.4509592584608752,1.0,25.0,334.8683310885733,3.0262901655306718,117075968.0,5102592.0
1790442003.4,3463.6100685596466,2375168.0,0.6313321836602717,0.0032873464108644102,0.36538046992886397,0.0,27.0,616.6972404612396,2.9591836734693877,117420032.0,5099008.0
1790442013.6,3473.8100683689117,2375168.0,0.6070273765897822,0.0036645828842422935,0.38930804052597545,0.0,27.0,551.7557849692257,3.066733067729084,118009856.0,5102080.0
1790442023.6,3483.8100683689117,2375168.0,0.6016921750377237,0.004041819357620177,0.3942660056046562,0.0,25.0,790.6713505072246,3.0331797235023044,118257664.0,5100032.0
1790442033.7,3493.910068511963,2375168.0,0.6215240353524466,0.005011856003449019,0.37346410864410434,1.0,26.0,370.73732309252586,2.9495884773662553,118788096.0,5102336.0
1790442043.7,3503.910068511963,2375168.0,0.6302004742401379,0.0015089458935115326,0.3682905798663505,0.0,28.0,793.1191003784165,2.9086538461538463,118876160.0,5097472.0
1790442053.7,3513.910068511963,2375168.0,0.6383918948049149,0.005604656175899978,0.3560034490191852,0.0,26.0,394.91575855644703,2.9549180327868854,119320576.0,5093120.0
1790442063.8,3524.0100684165955,2375168.0,0.6809118344470791,0.0017784005173528778,0.317309765035568,0.0,28.0,354.2953693915968,2.953422053231939,119922688.0,5090560.0
1790442073.8,3534.0100684165955,2375168.0,0.6367751670618668,0.0033412373356326796,0.35988359560250055,0.0,26.0,744.2732688641813,3.130030959752322,120254464.0,5052160.0
1790442083.8,3544.0100684165955,2375168.0,0.6122009053675361,0.0015089458935115326,0.38629014873895234,0.0,22.0,819.9602829831972,2.912169312169312,120428544.0,4949504.0
1790442093.9,3554.1100685596466,2375168.0,0.6993964216425954,0.002047855141194223,0.2985557232162104,1.0,26.0,716.6164865285987,3.050675675675676,120870912.0,4954624.0
1790442103.9,3564.1100685596466,2375168.0,0.6846303082560897,0.00010778184953653804,0.3152619098943738,1.0,25.0,291.94132968988686,2.91260162601626,121604096.0,4951552.0
1790442113.9,3574.1100685596466,2375168.0,0.7015520586333261,0.0019400732916576848,0.29650786807501617,2.0,24.0,242.29173938372318,2.8798828125,122396672.0,4959488.0
1790442124.0,3584.210068464279,2375168.0,0.7085039879284328,0.003934037508083639,0.28756197456348354,0.0,24.0,1142.8059135024696,2.960185185185185,122775552.0,5078528.0
1790442134.0,3594.210068464279,2375168.0,0.7420780340590645,0.0026945462384134512,0.2552274197025221,0.0,28.0,724.3309831788476,3.1281826163301143,123070464.0,5055744.0
1790442144.0,3604.210068464279,2375168.0,0.5780879499892219,0.0011317094201336495,0.4207803405906445,0.0,19.0,1010.1214837952183,3.001287001287001,123351040.0,5043200.0
1790442154.1,3614.3100683689117,2375168.0,0.3100344901918517,0.0011317094201336495,0.6888338003880147,0.0,9.0,690.3137599668875,2.926829268292683,123392000.0,5052672.0
1790442164.1,3624.3100683689117,2375168.0,0.21227635266221168,0.001993964216425954,0.7857296831213624,0.0,5.0,507.73339491250607,2.875,123455488.0,5079552.0
1790442174.1,3634.3100683689117,2375168.0,0.21437809872817418,0.002478982539340375,0.7831429187324854,0.0,5.0,527.5130092733334,2.97,123504640.0,5079552.0
1790442184.2,3644.410068511963,2375168.0,0.044998922181504634,0.0011317094201336495,0.9538693683983617,0.0,1.0,256.0114591005571,4.0,123504640.0,5104640.0
