label,output_model,mix,scheduler,cache_policy,prefill_tps,decode_ms,max_passing_tested_N,contiguous_pass_through_N,first_failing_N,first_binding_gates,right_censored
MODEL OUTPUT — uncalibrated offline simulation; not an official capacity,budget,dev,fcfs,stock,20000.0,30.0,6,6,10,"fast_intra(uncached_expected<=4096,<=3s);tpot_p95<=0.10",False
MODEL OUTPUT — uncalibrated offline simulation; not an official capacity,budget,dev,fcfs,role_conservative,20000.0,30.0,6,6,10,"fast_intra(uncached_expected<=4096,<=3s);tpot_p95<=0.10",False
MODEL OUTPUT — uncalibrated offline simulation; not an official capacity,budget,dev,spf,stock,20000.0,30.0,6,6,10,tpot_p95<=0.10,False
MODEL OUTPUT — uncalibrated offline simulation; not an official capacity,budget,dev,spf,role_conservative,20000.0,30.0,6,6,10,tpot_p95<=0.10,False
MODEL OUTPUT — uncalibrated offline simulation; not an official capacity,budget,dev,fcfs,stock,20000.0,50.0,2,2,6,tpot_p95<=0.10,False
MODEL OUTPUT — uncalibrated offline simulation; not an official capacity,budget,dev,fcfs,role_conservative,20000.0,50.0,2,2,6,tpot_p95<=0.10,False
MODEL OUTPUT — uncalibrated offline simulation; not an official capacity,budget,dev,spf,stock,20000.0,50.0,2,2,6,tpot_p95<=0.10,False
MODEL OUTPUT — uncalibrated offline simulation; not an official capacity,budget,dev,spf,role_conservative,20000.0,50.0,2,2,6,tpot_p95<=0.10,False
MODEL OUTPUT — uncalibrated offline simulation; not an official capacity,budget,dev,fcfs,stock,20000.0,80.0,2,2,6,tpot_p95<=0.10,False
MODEL OUTPUT — uncalibrated offline simulation; not an official capacity,budget,dev,fcfs,role_conservative,20000.0,80.0,2,2,6,tpot_p95<=0.10,False
MODEL OUTPUT — uncalibrated offline simulation; not an official capacity,budget,dev,spf,stock,20000.0,80.0,2,2,6,tpot_p95<=0.10,False
MODEL OUTPUT — uncalibrated offline simulation; not an official capacity,budget,dev,spf,role_conservative,20000.0,80.0,2,2,6,tpot_p95<=0.10,False
MODEL OUTPUT — uncalibrated offline simulation; not an official capacity,budget,dev,fcfs,stock,40000.0,30.0,14,14,18,tpot_p95<=0.10,False
MODEL OUTPUT — uncalibrated offline simulation; not an official capacity,budget,dev,fcfs,role_conservative,40000.0,30.0,14,14,18,tpot_p95<=0.10,False
MODEL OUTPUT — uncalibrated offline simulation; not an official capacity,budget,dev,spf,stock,40000.0,30.0,14,14,18,tpot_p95<=0.10,False
MODEL OUTPUT — uncalibrated offline simulation; not an official capacity,budget,dev,spf,role_conservative,40000.0,30.0,14,14,18,tpot_p95<=0.10,False
MODEL OUTPUT — uncalibrated offline simulation; not an official capacity,budget,dev,fcfs,stock,40000.0,50.0,10,10,14,tpot_p95<=0.10,False
MODEL OUTPUT — uncalibrated offline simulation; not an official capacity,budget,dev,fcfs,role_conservative,40000.0,50.0,10,10,14,tpot_p95<=0.10,False
MODEL OUTPUT — uncalibrated offline simulation; not an official capacity,budget,dev,spf,stock,40000.0,50.0,10,10,14,tpot_p95<=0.10,False
MODEL OUTPUT — uncalibrated offline simulation; not an official capacity,budget,dev,spf,role_conservative,40000.0,50.0,10,10,14,tpot_p95<=0.10,False
MODEL OUTPUT — uncalibrated offline simulation; not an official capacity,budget,dev,fcfs,stock,40000.0,80.0,2,2,6,tpot_p95<=0.10,False
MODEL OUTPUT — uncalibrated offline simulation; not an official capacity,budget,dev,fcfs,role_conservative,40000.0,80.0,2,2,6,tpot_p95<=0.10,False
MODEL OUTPUT — uncalibrated offline simulation; not an official capacity,budget,dev,spf,stock,40000.0,80.0,2,2,6,tpot_p95<=0.10,False
MODEL OUTPUT — uncalibrated offline simulation; not an official capacity,budget,dev,spf,role_conservative,40000.0,80.0,2,2,6,tpot_p95<=0.10,False
MODEL OUTPUT — uncalibrated offline simulation; not an official capacity,budget,dev,fcfs,stock,80000.0,30.0,26,26,30,tpot_p95<=0.10,False
MODEL OUTPUT — uncalibrated offline simulation; not an official capacity,budget,dev,fcfs,role_conservative,80000.0,30.0,26,26,30,tpot_p95<=0.10,False
MODEL OUTPUT — uncalibrated offline simulation; not an official capacity,budget,dev,spf,stock,80000.0,30.0,26,26,30,tpot_p95<=0.10,False
MODEL OUTPUT — uncalibrated offline simulation; not an official capacity,budget,dev,spf,role_conservative,80000.0,30.0,26,26,30,tpot_p95<=0.10,False
MODEL OUTPUT — uncalibrated offline simulation; not an official capacity,budget,dev,fcfs,stock,80000.0,50.0,18,18,22,tpot_p95<=0.10,False
MODEL OUTPUT — uncalibrated offline simulation; not an official capacity,budget,dev,fcfs,role_conservative,80000.0,50.0,18,18,22,tpot_p95<=0.10,False
MODEL OUTPUT — uncalibrated offline simulation; not an official capacity,budget,dev,spf,stock,80000.0,50.0,18,18,22,tpot_p95<=0.10,False
MODEL OUTPUT — uncalibrated offline simulation; not an official capacity,budget,dev,spf,role_conservative,80000.0,50.0,18,18,22,tpot_p95<=0.10,False
MODEL OUTPUT — uncalibrated offline simulation; not an official capacity,budget,dev,fcfs,stock,80000.0,80.0,2,2,6,tpot_p95<=0.10,False
MODEL OUTPUT — uncalibrated offline simulation; not an official capacity,budget,dev,fcfs,role_conservative,80000.0,80.0,2,2,6,tpot_p95<=0.10,False
MODEL OUTPUT — uncalibrated offline simulation; not an official capacity,budget,dev,spf,stock,80000.0,80.0,2,2,6,tpot_p95<=0.10,False
MODEL OUTPUT — uncalibrated offline simulation; not an official capacity,budget,dev,spf,role_conservative,80000.0,80.0,2,2,6,tpot_p95<=0.10,False
"WHAT-IF ONLY — synthetic formal composition, not a formal prediction",budget,formal-mix,fcfs,stock,20000.0,30.0,22,22,26,tpot_p95<=0.10,False
"WHAT-IF ONLY — synthetic formal composition, not a formal prediction",budget,formal-mix,fcfs,role_conservative,20000.0,30.0,26,26,30,tpot_p95<=0.10,False
"WHAT-IF ONLY — synthetic formal composition, not a formal prediction",budget,formal-mix,spf,stock,20000.0,30.0,22,22,26,tpot_p95<=0.10,False
"WHAT-IF ONLY — synthetic formal composition, not a formal prediction",budget,formal-mix,spf,role_conservative,20000.0,30.0,26,26,30,tpot_p95<=0.10,False
"WHAT-IF ONLY — synthetic formal composition, not a formal prediction",budget,formal-mix,fcfs,stock,20000.0,50.0,14,14,18,tpot_p95<=0.10,False
"WHAT-IF ONLY — synthetic formal composition, not a formal prediction",budget,formal-mix,fcfs,role_conservative,20000.0,50.0,14,14,18,tpot_p95<=0.10,False
"WHAT-IF ONLY — synthetic formal composition, not a formal prediction",budget,formal-mix,spf,stock,20000.0,50.0,10,10,14,tpot_p95<=0.10,False
"WHAT-IF ONLY — synthetic formal composition, not a formal prediction",budget,formal-mix,spf,role_conservative,20000.0,50.0,14,14,18,tpot_p95<=0.10,False
"WHAT-IF ONLY — synthetic formal composition, not a formal prediction",budget,formal-mix,fcfs,stock,20000.0,80.0,2,2,6,tpot_p95<=0.10,False
"WHAT-IF ONLY — synthetic formal composition, not a formal prediction",budget,formal-mix,fcfs,role_conservative,20000.0,80.0,2,2,6,tpot_p95<=0.10,False
"WHAT-IF ONLY — synthetic formal composition, not a formal prediction",budget,formal-mix,spf,stock,20000.0,80.0,2,2,6,tpot_p95<=0.10,False
"WHAT-IF ONLY — synthetic formal composition, not a formal prediction",budget,formal-mix,spf,role_conservative,20000.0,80.0,2,2,6,tpot_p95<=0.10,False
"WHAT-IF ONLY — synthetic formal composition, not a formal prediction",budget,formal-mix,fcfs,stock,40000.0,30.0,30,30,,,True
"WHAT-IF ONLY — synthetic formal composition, not a formal prediction",budget,formal-mix,fcfs,role_conservative,40000.0,30.0,30,30,,,True
"WHAT-IF ONLY — synthetic formal composition, not a formal prediction",budget,formal-mix,spf,stock,40000.0,30.0,30,30,,,True
"WHAT-IF ONLY — synthetic formal composition, not a formal prediction",budget,formal-mix,spf,role_conservative,40000.0,30.0,30,30,,,True
"WHAT-IF ONLY — synthetic formal composition, not a formal prediction",budget,formal-mix,fcfs,stock,40000.0,50.0,22,22,26,tpot_p95<=0.10,False
"WHAT-IF ONLY — synthetic formal composition, not a formal prediction",budget,formal-mix,fcfs,role_conservative,40000.0,50.0,26,26,30,tpot_p95<=0.10,False
"WHAT-IF ONLY — synthetic formal composition, not a formal prediction",budget,formal-mix,spf,stock,40000.0,50.0,22,22,26,tpot_p95<=0.10,False
"WHAT-IF ONLY — synthetic formal composition, not a formal prediction",budget,formal-mix,spf,role_conservative,40000.0,50.0,22,22,26,tpot_p95<=0.10,False
"WHAT-IF ONLY — synthetic formal composition, not a formal prediction",budget,formal-mix,fcfs,stock,40000.0,80.0,6,6,10,tpot_p95<=0.10,False
"WHAT-IF ONLY — synthetic formal composition, not a formal prediction",budget,formal-mix,fcfs,role_conservative,40000.0,80.0,6,6,10,tpot_p95<=0.10,False
"WHAT-IF ONLY — synthetic formal composition, not a formal prediction",budget,formal-mix,spf,stock,40000.0,80.0,6,6,10,tpot_p95<=0.10,False
"WHAT-IF ONLY — synthetic formal composition, not a formal prediction",budget,formal-mix,spf,role_conservative,40000.0,80.0,6,6,10,tpot_p95<=0.10,False
"WHAT-IF ONLY — synthetic formal composition, not a formal prediction",budget,formal-mix,fcfs,stock,80000.0,30.0,30,30,,,True
"WHAT-IF ONLY — synthetic formal composition, not a formal prediction",budget,formal-mix,fcfs,role_conservative,80000.0,30.0,30,30,,,True
"WHAT-IF ONLY — synthetic formal composition, not a formal prediction",budget,formal-mix,spf,stock,80000.0,30.0,30,30,,,True
"WHAT-IF ONLY — synthetic formal composition, not a formal prediction",budget,formal-mix,spf,role_conservative,80000.0,30.0,30,30,,,True
"WHAT-IF ONLY — synthetic formal composition, not a formal prediction",budget,formal-mix,fcfs,stock,80000.0,50.0,30,30,,,True
"WHAT-IF ONLY — synthetic formal composition, not a formal prediction",budget,formal-mix,fcfs,role_conservative,80000.0,50.0,30,30,,,True
"WHAT-IF ONLY — synthetic formal composition, not a formal prediction",budget,formal-mix,spf,stock,80000.0,50.0,30,30,,,True
"WHAT-IF ONLY — synthetic formal composition, not a formal prediction",budget,formal-mix,spf,role_conservative,80000.0,50.0,30,30,,,True
"WHAT-IF ONLY — synthetic formal composition, not a formal prediction",budget,formal-mix,fcfs,stock,80000.0,80.0,6,6,10,tpot_p95<=0.10,False
"WHAT-IF ONLY — synthetic formal composition, not a formal prediction",budget,formal-mix,fcfs,role_conservative,80000.0,80.0,6,6,10,tpot_p95<=0.10,False
"WHAT-IF ONLY — synthetic formal composition, not a formal prediction",budget,formal-mix,spf,stock,80000.0,80.0,6,6,10,tpot_p95<=0.10,False
"WHAT-IF ONLY — synthetic formal composition, not a formal prediction",budget,formal-mix,spf,role_conservative,80000.0,80.0,6,6,10,tpot_p95<=0.10,False
MODEL OUTPUT — uncalibrated offline simulation; not an official capacity,source,dev,fcfs,stock,20000.0,30.0,2,2,6,"fast_intra(uncached_expected<=4096,<=3s)",False
MODEL OUTPUT — uncalibrated offline simulation; not an official capacity,source,dev,fcfs,role_conservative,20000.0,30.0,6,6,10,tpot_p95<=0.10,False
MODEL OUTPUT — uncalibrated offline simulation; not an official capacity,source,dev,fcfs,stock,20000.0,50.0,2,2,6,tpot_p95<=0.10,False
MODEL OUTPUT — uncalibrated offline simulation; not an official capacity,source,dev,fcfs,role_conservative,20000.0,50.0,2,2,6,tpot_p95<=0.10,False
MODEL OUTPUT — uncalibrated offline simulation; not an official capacity,source,dev,fcfs,stock,20000.0,80.0,,,2,tpot_p95<=0.10,False
MODEL OUTPUT — uncalibrated offline simulation; not an official capacity,source,dev,fcfs,role_conservative,20000.0,80.0,,,2,tpot_p95<=0.10,False
MODEL OUTPUT — uncalibrated offline simulation; not an official capacity,source,dev,fcfs,stock,40000.0,30.0,10,10,14,tpot_p95<=0.10,False
MODEL OUTPUT — uncalibrated offline simulation; not an official capacity,source,dev,fcfs,role_conservative,40000.0,30.0,10,10,14,tpot_p95<=0.10,False
MODEL OUTPUT — uncalibrated offline simulation; not an official capacity,source,dev,fcfs,stock,40000.0,50.0,6,6,10,tpot_p95<=0.10,False
MODEL OUTPUT — uncalibrated offline simulation; not an official capacity,source,dev,fcfs,role_conservative,40000.0,50.0,6,6,10,tpot_p95<=0.10,False
MODEL OUTPUT — uncalibrated offline simulation; not an official capacity,source,dev,fcfs,stock,40000.0,80.0,2,2,6,tpot_p95<=0.10,False
MODEL OUTPUT — uncalibrated offline simulation; not an official capacity,source,dev,fcfs,role_conservative,40000.0,80.0,2,2,6,tpot_p95<=0.10,False
MODEL OUTPUT — uncalibrated offline simulation; not an official capacity,source,dev,fcfs,stock,80000.0,30.0,22,22,26,tpot_p95<=0.10,False
MODEL OUTPUT — uncalibrated offline simulation; not an official capacity,source,dev,fcfs,role_conservative,80000.0,30.0,22,22,26,tpot_p95<=0.10,False
MODEL OUTPUT — uncalibrated offline simulation; not an official capacity,source,dev,fcfs,stock,80000.0,50.0,14,14,18,tpot_p95<=0.10,False
MODEL OUTPUT — uncalibrated offline simulation; not an official capacity,source,dev,fcfs,role_conservative,80000.0,50.0,14,14,18,tpot_p95<=0.10,False
MODEL OUTPUT — uncalibrated offline simulation; not an official capacity,source,dev,fcfs,stock,80000.0,80.0,2,2,6,tpot_p95<=0.10,False
MODEL OUTPUT — uncalibrated offline simulation; not an official capacity,source,dev,fcfs,role_conservative,80000.0,80.0,2,2,6,tpot_p95<=0.10,False
