minute_utc,n,failed,fail_pct,mean_tpot_s,prefill_reports,prefill_budget_tokens,prefill_ge8192
17:27,14,14,100.0,0.36614920034695075,66,521280,59
17:28,40,25,62.5,0.11569638227638573,73,609856,50
17:29,34,16,47.05882352941177,0.13011888474656122,55,531904,35
17:30,67,0,0.0,0.05672530011670773,56,413376,24
17:31,39,20,51.282051282051285,0.12267317563216286,62,569792,49
17:32,56,0,0.0,0.057914577953035326,66,467776,31
17:33,59,3,5.084745762711864,0.06067203102925778,62,416768,26
17:34,29,17,58.62068965517241,0.19007664190526447,68,582080,50
17:35,18,17,94.44444444444444,0.17335044856626114,69,676096,63
17:36,39,5,12.820512820512821,0.07686480446131548,58,522560,34
17:37,55,3,5.454545454545454,0.06608640324138854,63,484480,33
17:38,51,4,7.8431372549019605,0.0630699831279153,56,409728,28
17:39,47,16,34.04255319148936,0.09617276420518506,56,554944,39
17:40,45,11,24.444444444444443,0.08323277859617532,56,542976,36
17:41,40,18,45.0,0.09614765805927777,65,559744,41
17:42,26,22,84.61538461538461,0.2702442848251622,68,610624,56
17:43,6,6,100.0,0.6200115735388677,66,648128,62
17:44,4,4,100.0,0.3885417305608238,70,615616,67
17:45,26,4,15.384615384615385,0.06952705134047034,70,575808,56
17:46,20,0,0.0,0.033440271828696945,30,241344,13
17:47,7,0,0.0,0.014316978720797038,12,115776,6
