2026/09/26 14:12:38.787, GPU-0fd597b1-c02f-3a31-8fa7-8ecb15791ca8, 4 MiB, 0 %, 210 MHz, 62.08 W
2026/09/26 14:12:43.796, GPU-0fd597b1-c02f-3a31-8fa7-8ecb15791ca8, 4 MiB, 0 %, 210 MHz, 62.40 W
2026/09/26 14:12:48.808, GPU-0fd597b1-c02f-3a31-8fa7-8ecb15791ca8, 7 MiB, 0 %, 210 MHz, 62.08 W
2026/09/26 14:12:53.815, GPU-0fd597b1-c02f-3a31-8fa7-8ecb15791ca8, 7 MiB, 0 %, 210 MHz, 62.08 W
2026/09/26 14:12:58.823, GPU-0fd597b1-c02f-3a31-8fa7-8ecb15791ca8, 7 MiB, 0 %, 210 MHz, 62.40 W
2026/09/26 14:13:03.833, GPU-0fd597b1-c02f-3a31-8fa7-8ecb15791ca8, 507 MiB, 0 %, 1155 MHz, 72.09 W
2026/09/26 14:13:08.840, GPU-0fd597b1-c02f-3a31-8fa7-8ecb15791ca8, 507 MiB, 0 %, 1155 MHz, 72.09 W
2026/09/26 14:13:13.848, GPU-0fd597b1-c02f-3a31-8fa7-8ecb15791ca8, 1066 MiB, 27 %, 1155 MHz, 90.86 W
2026/09/26 14:13:18.855, GPU-0fd597b1-c02f-3a31-8fa7-8ecb15791ca8, 667 MiB, 51 %, 1410 MHz, 149.46 W
2026/09/26 14:13:23.861, GPU-0fd597b1-c02f-3a31-8fa7-8ecb15791ca8, 4 MiB, 0 %, 390 MHz, 64.20 W
2026/09/26 14:13:28.874, GPU-0fd597b1-c02f-3a31-8fa7-8ecb15791ca8, 7 MiB, 0 %, 210 MHz, 62.40 W
2026/09/26 14:13:33.883, GPU-0fd597b1-c02f-3a31-8fa7-8ecb15791ca8, 7 MiB, 0 %, 210 MHz, 62.40 W
2026/09/26 14:13:38.890, GPU-0fd597b1-c02f-3a31-8fa7-8ecb15791ca8, 7 MiB, 0 %, 210 MHz, 62.40 W
2026/09/26 14:13:43.897, GPU-0fd597b1-c02f-3a31-8fa7-8ecb15791ca8, 7 MiB, 0 %, 210 MHz, 62.40 W
2026/09/26 14:13:48.907, GPU-0fd597b1-c02f-3a31-8fa7-8ecb15791ca8, 7 MiB, 0 %, 210 MHz, 62.40 W
2026/09/26 14:13:53.914, GPU-0fd597b1-c02f-3a31-8fa7-8ecb15791ca8, 528 MiB, 0 %, 1155 MHz, 72.36 W
2026/09/26 14:13:58.920, GPU-0fd597b1-c02f-3a31-8fa7-8ecb15791ca8, 11698 MiB, 0 %, 1155 MHz, 72.36 W
2026/09/26 14:14:03.925, GPU-0fd597b1-c02f-3a31-8fa7-8ecb15791ca8, 11698 MiB, 0 %, 1155 MHz, 72.09 W
2026/09/26 14:14:08.930, GPU-0fd597b1-c02f-3a31-8fa7-8ecb15791ca8, 11698 MiB, 0 %, 1155 MHz, 72.36 W
2026/09/26 14:14:13.936, GPU-0fd597b1-c02f-3a31-8fa7-8ecb15791ca8, 11700 MiB, 0 %, 1155 MHz, 72.36 W
2026/09/26 14:14:18.944, GPU-0fd597b1-c02f-3a31-8fa7-8ecb15791ca8, 11984 MiB, 0 %, 1410 MHz, 195.76 W
2026/09/26 14:14:23.952, GPU-0fd597b1-c02f-3a31-8fa7-8ecb15791ca8, 11984 MiB, 0 %, 1410 MHz, 90.25 W
2026/09/26 14:14:28.959, GPU-0fd597b1-c02f-3a31-8fa7-8ecb15791ca8, 11986 MiB, 0 %, 1410 MHz, 90.25 W
2026/09/26 14:14:33.964, GPU-0fd597b1-c02f-3a31-8fa7-8ecb15791ca8, 11986 MiB, 51 %, 1410 MHz, 90.53 W
2026/09/26 14:14:38.969, GPU-0fd597b1-c02f-3a31-8fa7-8ecb15791ca8, 11986 MiB, 51 %, 1410 MHz, 90.53 W
2026/09/26 14:14:43.975, GPU-0fd597b1-c02f-3a31-8fa7-8ecb15791ca8, 11986 MiB, 0 %, 1155 MHz, 72.68 W
2026/09/26 14:14:48.981, GPU-0fd597b1-c02f-3a31-8fa7-8ecb15791ca8, 11986 MiB, 0 %, 1155 MHz, 72.68 W
2026/09/26 14:14:53.986, GPU-0fd597b1-c02f-3a31-8fa7-8ecb15791ca8, 11986 MiB, 1 %, 1155 MHz, 72.68 W
2026/09/26 14:14:58.992, GPU-0fd597b1-c02f-3a31-8fa7-8ecb15791ca8, 11988 MiB, 2 %, 1155 MHz, 75.73 W
2026/09/26 14:15:03.999, GPU-0fd597b1-c02f-3a31-8fa7-8ecb15791ca8, 7 MiB, 0 %, 1155 MHz, 74.40 W
2026/09/26 14:15:09.004, GPU-0fd597b1-c02f-3a31-8fa7-8ecb15791ca8, 4 MiB, 0 %, 210 MHz, 62.67 W
2026/09/26 14:15:14.015, GPU-0fd597b1-c02f-3a31-8fa7-8ecb15791ca8, 7 MiB, 0 %, 210 MHz, 62.40 W
2026/09/26 14:15:19.046, GPU-0fd597b1-c02f-3a31-8fa7-8ecb15791ca8, 7 MiB, 0 %, 210 MHz, 62.40 W
2026/09/26 14:15:24.055, GPU-0fd597b1-c02f-3a31-8fa7-8ecb15791ca8, 7 MiB, 0 %, 210 MHz, 62.40 W
2026/09/26 14:15:29.062, GPU-0fd597b1-c02f-3a31-8fa7-8ecb15791ca8, 12094 MiB, 51 %, 1410 MHz, 100.27 W
2026/09/26 14:15:34.087, GPU-0fd597b1-c02f-3a31-8fa7-8ecb15791ca8, 11728 MiB, 0 %, 1155 MHz, 72.36 W
2026/09/26 14:15:39.096, GPU-0fd597b1-c02f-3a31-8fa7-8ecb15791ca8, 11844 MiB, 0 %, 1155 MHz, 72.36 W
2026/09/26 14:15:44.103, GPU-0fd597b1-c02f-3a31-8fa7-8ecb15791ca8, 11892 MiB, 0 %, 1155 MHz, 72.36 W
2026/09/26 14:15:49.109, GPU-0fd597b1-c02f-3a31-8fa7-8ecb15791ca8, 12172 MiB, 90 %, 1410 MHz, 197.62 W
2026/09/26 14:15:54.115, GPU-0fd597b1-c02f-3a31-8fa7-8ecb15791ca8, 12174 MiB, 13 %, 1410 MHz, 89.07 W
2026/09/26 14:15:59.120, GPU-0fd597b1-c02f-3a31-8fa7-8ecb15791ca8, 4 MiB, 0 %, 285 MHz, 63.60 W
2026/09/26 14:16:04.129, GPU-0fd597b1-c02f-3a31-8fa7-8ecb15791ca8, 7 MiB, 0 %, 210 MHz, 62.67 W
2026/09/26 14:16:09.137, GPU-0fd597b1-c02f-3a31-8fa7-8ecb15791ca8, 7 MiB, 0 %, 210 MHz, 62.67 W
2026/09/26 14:16:14.145, GPU-0fd597b1-c02f-3a31-8fa7-8ecb15791ca8, 7 MiB, 0 %, 210 MHz, 62.67 W
2026/09/26 14:16:19.152, GPU-0fd597b1-c02f-3a31-8fa7-8ecb15791ca8, 7 MiB, 0 %, 210 MHz, 62.40 W
2026/09/26 14:16:24.165, GPU-0fd597b1-c02f-3a31-8fa7-8ecb15791ca8, 9782 MiB, 15 %, 1410 MHz, 94.78 W
2026/09/26 14:16:29.171, GPU-0fd597b1-c02f-3a31-8fa7-8ecb15791ca8, 11728 MiB, 0 %, 1155 MHz, 72.68 W
2026/09/26 14:16:34.176, GPU-0fd597b1-c02f-3a31-8fa7-8ecb15791ca8, 11842 MiB, 0 %, 1155 MHz, 72.36 W
2026/09/26 14:16:39.183, GPU-0fd597b1-c02f-3a31-8fa7-8ecb15791ca8, 11898 MiB, 0 %, 1155 MHz, 72.36 W
2026/09/26 14:16:44.191, GPU-0fd597b1-c02f-3a31-8fa7-8ecb15791ca8, 11902 MiB, 0 %, 1155 MHz, 72.28 W
2026/09/26 14:16:49.197, GPU-0fd597b1-c02f-3a31-8fa7-8ecb15791ca8, 12178 MiB, 73 %, 1410 MHz, 143.43 W
2026/09/26 14:16:54.204, GPU-0fd597b1-c02f-3a31-8fa7-8ecb15791ca8, 13080 MiB, 59 %, 1410 MHz, 268.15 W
2026/09/26 14:16:59.211, GPU-0fd597b1-c02f-3a31-8fa7-8ecb15791ca8, 7 MiB, 0 %, 270 MHz, 63.28 W
