start_s,end_s,prefill_tokens,prefill_blocks,decode_log_count,gpu_util_mean,gpu_mib_max,kv_usage_max,queue_max,running_max
0,10,147008,16,0,99.625,76456.0,0.028440832910106652,23.0,2.0
10,20,138368,17,0,99.9375,76456.0,0.10116810563737938,17.0,11.0
20,30,132288,15,0,99.9375,76458.0,0.2075165058405282,13.0,16.0
30,40,139968,13,0,99.5625,76460.0,0.3070086338242763,8.0,21.0
40,50,143296,10,0,99.4375,76464.0,0.4148806500761808,6.0,23.0
50,60,158528,12,0,99.0,76466.0,0.5120873539867953,4.0,25.0
60,70,152896,11,0,96.1875,76468.0,0.6339258506856272,1.0,27.0
70,80,152704,10,0,98.8125,76470.0,0.7406805485017776,0.0,29.0
80,90,85312,9,4,99.5,76492.0,0.8565769426104621,0.0,29.0
90,100,87360,11,1,99.5,76492.0,0.6380904012188928,0.0,18.0
100,110,160000,14,0,98.125,76494.0,0.6249365159979685,8.0,21.0
110,120,137024,11,0,98.8125,76496.0,0.7969527679024886,4.0,26.0
120,130,116608,11,3,95.875,76502.0,0.9181818181818182,3.0,27.0
130,140,69120,13,5,99.75,76502.0,0.8761808024377857,0.0,21.0
140,150,76352,16,3,100.0,76502.0,0.7046724225495176,0.0,20.0
150,160,35712,15,6,89.8125,76502.0,0.7001523616048756,0.0,20.0
160,170,38144,17,5,95.6875,76502.0,0.9130015236160488,1.0,26.0
170,180,33344,14,6,90.875,76502.0,0.6537836465210767,2.0,23.0
180,190,117120,12,1,86.0625,76502.0,0.6382935500253936,1.0,20.0
190,200,56384,17,5,92.125,76502.0,0.6664804469273743,0.0,22.0
200,210,32768,17,6,77.0,76502.0,0.7518029456576942,0.0,20.0
210,220,43648,12,6,99.875,76502.0,0.653072625698324,0.0,21.0
220,230,55360,17,5,99.5,76502.0,0.7377856780091417,0.0,21.0
230,240,10880,14,7,98.25,76502.0,0.8430167597765363,0.0,22.0
240,250,13824,12,8,100.0,76502.0,0.7176231589639411,0.0,20.0
250,260,74112,10,4,100.0,76502.0,0.7019299136617573,0.0,18.0
260,270,80320,8,5,100.0,76502.0,0.8441340782122905,0.0,19.0
270,280,24576,11,8,85.3125,76502.0,0.6089893346876587,0.0,15.0
280,290,33408,11,7,93.5625,76502.0,0.5018283392585069,0.0,13.0
290,300,8768,9,9,86.25,76502.0,0.6274250888776028,0.0,17.0
300,310,14208,6,9,87.4375,76502.0,0.5988318943626206,0.0,17.0
310,320,5952,9,8,100.0,76502.0,0.7268664296597257,0.0,16.0
320,330,31808,8,8,88.6875,76502.0,0.7038090401218893,0.0,18.0
330,340,100288,8,2,99.125,76502.0,0.7391569324530218,0.0,18.0
340,350,86464,13,4,93.125,76502.0,0.7637887252412392,0.0,19.0
350,360,13248,8,8,100.0,76502.0,0.8890299644489589,0.0,21.0
360,370,13952,8,8,88.0,76502.0,0.8950228542407314,0.0,21.0
370,380,54592,9,5,91.875,76502.0,0.8955307262569833,0.0,21.0
380,390,77888,14,5,98.25,76502.0,0.8627729812087354,0.0,21.0
390,400,52736,12,4,91.375,76502.0,0.7378872524123921,0.0,17.0
400,410,127104,12,2,99.875,76502.0,0.5128999492127984,0.0,17.0
410,420,121984,13,2,99.9375,76502.0,0.7481970543423058,3.0,19.0
420,430,40128,11,6,99.875,76502.0,0.9078720162519045,0.0,20.0
430,440,18880,17,7,96.375,76502.0,0.7787201625190452,0.0,17.0
440,450,21696,19,6,100.0,76502.0,0.7617064499746063,0.0,17.0
450,460,82944,9,4,92.5,76502.0,0.8712036566785171,1.0,20.0
460,470,72384,13,4,87.125,76502.0,0.7994921279837481,0.0,18.0
470,480,65600,13,4,99.75,76502.0,0.8210259014728288,0.0,18.0
480,490,77888,17,4,96.6875,76502.0,0.9189944134078212,2.0,18.0
490,500,69312,15,4,98.875,76502.0,0.9633316404266125,0.0,22.0
500,510,57152,7,5,99.375,76502.0,0.94931437277806,0.0,21.0
510,520,101632,9,3,99.5,76504.0,0.9977653631284916,2.0,20.0
520,530,99904,8,3,99.4375,76506.0,0.9638902996444896,4.0,19.0
530,540,111872,13,2,90.125,76506.0,0.975977653631285,8.0,17.0
540,550,4160,4,9,100.0,76506.0,0.9940071102082275,5.0,18.0
550,560,9600,8,8,94.5,76506.0,0.9921279837480955,4.0,20.0
560,570,28352,6,8,99.6875,76506.0,0.9484002031488065,9.0,17.0
570,580,22784,10,7,93.8125,76506.0,0.9153377348908075,5.0,20.0
580,590,3584,4,9,100.0,76506.0,0.9801422041645506,5.0,19.0
590,600,19456,6,8,85.6875,76506.0,0.9424581005586592,4.0,17.0
600,610,7680,5,9,100.0,76506.0,0.9934992381919756,9.0,18.0
610,620,50624,5,7,99.5,76506.0,0.9631792788217369,10.0,17.0
620,630,16576,9,7,99.875,76506.0,0.9809547993905536,6.0,19.0
630,640,10816,6,9,100.0,76506.0,0.960792280345353,9.0,19.0
640,650,56768,6,5,99.3125,76506.0,0.9846622651091925,7.0,19.0
650,660,125120,10,1,99.0625,76506.0,0.9196038598273235,5.0,21.0
660,670,25536,7,7,99.5,76506.0,0.9268156424581006,5.0,23.0
670,680,128832,10,2,99.375,76506.0,0.9620111731843576,7.0,21.0
680,690,84160,9,3,99.875,76506.0,0.9546978161503301,7.0,17.0
690,700,57664,8,7,99.75,76506.0,0.9195022854240731,10.0,17.0
700,710,47168,10,4,89.75,76506.0,0.9737430167597766,4.0,21.0
710,720,118848,10,3,98.6875,76506.0,0.9202133062468258,2.0,19.0
720,730,61120,7,5,100.0,76506.0,0.9857287963433214,3.0,21.0
730,740,15936,5,8,97.375,76506.0,0.9602336211274759,4.0,20.0
740,750,6080,6,8,100.0,76506.0,0.7979685119349924,4.0,16.0
750,760,28544,8,7,99.5,76506.0,0.9141696292534282,5.0,19.0
760,770,45888,7,7,98.6875,76506.0,0.9795327577450482,4.0,22.0
770,780,21120,5,8,88.6875,76506.0,0.9876587100050788,7.0,18.0
780,790,9600,10,8,83.125,76506.0,0.9619095987811072,7.0,17.0
790,800,53696,8,5,98.625,76506.0,0.9737938039614017,3.0,22.0
800,810,77568,8,4,92.9375,76506.0,0.9987811071609954,4.0,21.0
810,820,40064,10,7,98.5,76506.0,0.9573895378364652,2.0,18.0
820,830,41856,13,5,99.6875,76506.0,0.9781615033011681,3.0,20.0
830,840,27328,6,8,100.0,76506.0,0.991213814118842,3.0,19.0
840,850,5888,3,10,100.0,76506.0,0.9005586592178771,7.0,17.0
850,860,3456,3,10,100.0,76506.0,0.8783646521076689,10.0,14.0
860,870,76608,12,3,86.625,76506.0,0.8958862366683595,2.0,18.0
870,880,54400,14,5,95.8125,76506.0,0.9196546470289487,1.0,20.0
880,890,25216,12,7,100.0,76506.0,0.9813103098019299,1.0,20.0
890,900,19072,14,7,100.0,76506.0,0.971457592686643,1.0,21.0
900,910,137792,13,0,99.8125,76506.0,0.8900457084814627,0.0,22.0
910,920,74176,12,4,100.0,76506.0,0.9905535804977146,0.0,23.0
920,930,87680,11,3,96.1875,76506.0,0.843727780599289,1.0,21.0
930,940,121088,10,2,99.1875,76506.0,0.9565769426104621,2.0,21.0
940,950,37312,11,6,89.9375,76506.0,0.889588623666836,1.0,19.0
950,960,33920,8,7,89.375,76506.0,0.8897917724733367,2.0,19.0
960,970,134272,12,1,99.25,76506.0,0.9451498222447943,2.0,20.0
970,980,79488,12,4,96.8125,76506.0,0.9980700863382428,3.0,18.0
980,990,32128,10,6,99.75,76506.0,0.9428643981716608,3.0,20.0
990,1000,23104,11,7,100.0,76506.0,0.9490096495683088,1.0,20.0
1000,1010,13504,13,7,87.0625,76506.0,0.913610970035551,1.0,18.0
1010,1020,34880,8,6,100.0,76506.0,0.9382427628237684,2.0,19.0
1020,1030,17344,5,9,100.0,76506.0,0.8404266124936516,5.0,17.0
1030,1040,7616,3,8,100.0,76506.0,0.9342813610970035,6.0,19.0
1040,1050,16128,15,7,100.0,76506.0,0.8666328085322499,4.0,18.0
1050,1060,108992,7,3,99.6875,76506.0,0.9140680548501777,4.0,19.0
1060,1070,94208,7,3,97.75,76506.0,0.998933468765871,6.0,18.0
1070,1080,14592,11,9,95.125,76506.0,0.8661757237176232,6.0,16.0
1080,1090,50816,8,6,99.9375,76506.0,0.920264093448451,6.0,15.0
1090,1100,33280,17,7,99.5,76526.0,0.9574911122397156,4.0,15.0
1100,1110,6528,9,8,96.5,76526.0,0.9719146775012697,2.0,18.0
1110,1120,36800,6,7,97.25,76526.0,0.9751650584052819,2.0,17.0
1120,1130,32448,7,7,99.75,76526.0,0.9958354494667344,3.0,18.0
1130,1140,26880,8,8,98.1875,76526.0,0.9920771965464703,1.0,16.0
1140,1150,62528,15,4,81.4375,76526.0,0.9132046724225495,4.0,16.0
1150,1160,89152,12,4,84.75,76526.0,0.8981208735398679,4.0,16.0
1160,1170,21312,14,7,97.625,76526.0,0.9550025393600813,1.0,16.0
1170,1180,22400,16,7,98.5625,76526.0,0.9737938039614017,3.0,16.0
1180,1190,35072,10,7,99.1875,76526.0,0.9350939563230066,1.0,18.0
1190,1200,27328,15,6,85.3125,76526.0,0.9963433214829863,2.0,17.0
1200,1210,9408,10,8,100.0,76526.0,0.9408329101066532,1.0,18.0
1210,1220,36416,9,8,94.9375,76526.0,0.9778059928897918,3.0,16.0
1220,1230,30720,13,7,97.4375,76526.0,0.9660233621127476,3.0,14.0
1230,1240,2944,3,10,100.0,76526.0,0.9816150330116811,6.0,16.0
1240,1250,14080,19,6,92.625,76526.0,0.9539867953275775,4.0,16.0
1250,1260,103872,11,3,99.5,76526.0,0.9988826815642458,3.0,20.0
1260,1270,92800,12,4,92.5,76526.0,0.9896394108684612,3.0,20.0
1270,1280,27392,14,6,89.5,76526.0,0.931742001015744,1.0,19.0
1280,1290,103232,10,2,99.625,76526.0,0.9982224479431183,3.0,19.0
1290,1300,94848,9,4,99.125,76526.0,0.9799898425596749,5.0,19.0
1300,1310,40640,12,5,87.4375,76526.0,0.9755713560182834,1.0,20.0
1310,1320,75264,10,4,97.9375,76526.0,0.9267140680548501,4.0,19.0
1320,1330,41280,8,7,99.3125,76526.0,0.9601828339258507,2.0,19.0
1330,1340,24000,5,7,97.6875,76526.0,0.9976637887252412,1.0,21.0
1340,1350,30656,10,7,77.5,76526.0,0.9566785170137125,1.0,21.0
1350,1360,65088,17,3,98.9375,76526.0,0.8947689182326054,0.0,21.0
1360,1370,76416,15,4,87.4375,76526.0,0.784255967496191,1.0,19.0
1370,1380,24704,11,7,92.875,76526.0,0.9100050787201626,0.0,15.0
1380,1390,30080,13,7,78.6875,76526.0,0.9535297105129508,2.0,17.0
1390,1400,77248,16,3,83.875,76526.0,0.8831894362620619,1.0,24.0
1400,1410,12352,6,8,97.25,76526.0,0.9419502285424073,3.0,21.0
1410,1420,96832,11,3,99.5625,76526.0,0.8066531234129,4.0,19.0
1420,1430,107264,11,2,97.75,76526.0,0.9980192991366176,2.0,23.0
1430,1440,56064,17,4,91.6875,76526.0,0.9138141188420518,5.0,21.0
1440,1450,53120,13,5,93.6875,76526.0,0.9830370746571864,3.0,19.0
1450,1460,31808,8,7,85.3125,76526.0,0.9572371762315897,7.0,18.0
1460,1470,21056,11,7,91.4375,76526.0,0.9425088877602844,6.0,19.0
1470,1480,44160,13,6,89.0,76526.0,0.9517013712544439,3.0,20.0
1480,1490,10624,8,8,96.0,76526.0,0.902945657694261,6.0,20.0
1490,1500,43328,11,5,91.625,76526.0,0.9734890807516506,1.0,23.0
1500,1510,12800,13,6,97.6875,76526.0,0.8932960893854749,1.0,21.0
1510,1520,70976,7,5,99.375,76526.0,0.8239207719654646,3.0,20.0
1520,1530,36160,13,7,100.0,76526.0,0.9867953275774505,2.0,24.0
1530,1540,16256,7,7,100.0,76526.0,0.8864398171660741,0.0,23.0
1540,1550,5952,10,8,100.0,76526.0,0.8953275774504825,1.0,24.0
1550,1560,19520,7,7,93.25,76526.0,0.9975114271203657,1.0,25.0
1560,1570,54208,9,6,98.9375,76526.0,0.968511934992382,0.0,23.0
1570,1580,37440,17,5,99.8125,76526.0,0.6700863382427629,1.0,19.0
1580,1590,27072,8,7,99.625,76526.0,0.9410868461147791,0.0,21.0
1590,1600,31616,12,6,100.0,76526.0,0.9131030980192991,0.0,22.0
1600,1610,24128,7,7,100.0,76526.0,0.9767394616556627,1.0,23.0
1610,1620,16384,8,7,100.0,76526.0,0.916810563737938,0.0,23.0
1620,1630,66240,8,5,99.5,76526.0,0.6952260030472321,0.0,16.0
1630,1640,45248,17,6,91.625,76526.0,0.8132046724225496,0.0,20.0
1640,1650,12992,12,7,86.875,76526.0,0.9542407313357034,0.0,22.0
1650,1660,20928,8,8,100.0,76526.0,,,
1660,1670,24832,15,6,89.25,76526.0,0.9384966988318943,1.0,19.0
1670,1680,39488,6,6,100.0,76526.0,0.9553072625698324,0.0,20.0
1680,1690,85440,14,4,98.5625,76526.0,0.9277298120873539,2.0,20.0
1690,1700,14528,13,6,84.0,76526.0,0.9412899949212798,0.0,22.0
1700,1710,58560,13,5,99.5,76526.0,0.7994413407821229,1.0,18.0
1710,1720,10496,9,8,96.625,76526.0,0.8756729304215338,1.0,22.0
1720,1730,40128,13,6,100.0,76526.0,0.8773996952767903,1.0,22.0
1730,1740,21888,15,7,98.75,76526.0,0.7154900964956831,2.0,16.0
1740,1750,29952,11,7,96.9375,76526.0,0.7921279837480955,0.0,20.0
1750,1760,7424,7,8,96.4375,76526.0,0.8013712544438801,0.0,23.0
1760,1770,38464,7,7,99.9375,76526.0,0.6484509903504317,0.0,20.0
1770,1780,51904,10,5,100.0,76526.0,0.6374301675977654,0.0,20.0
1780,1790,5504,10,8,85.9375,76526.0,0.6756729304215338,0.0,20.0
1790,1800,38976,9,6,99.625,76526.0,0.8440832910106653,0.0,21.0
1800,1810,11136,10,8,99.375,76526.0,0.8308786185881158,0.0,19.0
1810,1820,28928,8,7,86.375,76526.0,0.8250888776028441,0.0,22.0
1820,1830,23744,5,7,100.0,76526.0,0.8230573895378365,0.0,22.0
1830,1840,71744,14,5,96.25,76526.0,0.7406805485017776,3.0,18.0
1840,1850,32192,9,6,81.125,76526.0,0.9295073641442356,0.0,22.0
1850,1860,53440,10,6,100.0,76526.0,0.8276790248857288,0.0,20.0
1860,1870,36864,9,6,99.6875,76526.0,0.8714068054850178,0.0,21.0
1870,1880,90176,10,4,87.6875,76526.0,0.8400203148806501,0.0,21.0
1880,1890,44672,9,6,100.0,76526.0,0.9032503809040122,1.0,23.0
1890,1900,32768,11,6,95.0625,76526.0,0.9229558151345861,2.0,22.0
1900,1910,13056,6,8,100.0,76526.0,0.9081767394616557,2.0,24.0
1910,1920,58496,6,6,100.0,76526.0,0.9579989842559675,3.0,22.0
1920,1930,29888,15,5,90.5,76526.0,0.9907059421025901,3.0,23.0
1930,1940,42176,10,6,100.0,76526.0,0.9240731335703403,2.0,22.0
1940,1950,34240,16,6,95.875,76526.0,0.9767902488572879,1.0,22.0
1950,1960,10944,11,7,95.75,76526.0,0.986947689182326,1.0,21.0
1960,1970,30208,9,6,100.0,76526.0,0.9723717623158964,2.0,22.0
1970,1980,22784,9,7,90.0625,76526.0,0.9572879634332149,0.0,23.0
1980,1990,9344,7,8,100.0,76526.0,0.991467750126968,3.0,21.0
1990,2000,5952,4,9,85.3125,76526.0,0.9711020822752666,3.0,20.0
2000,2010,25728,9,7,96.9375,76526.0,0.9719654647028949,4.0,20.0
2010,2020,18048,5,8,100.0,76526.0,0.9950736414423565,2.0,21.0
2020,2030,40320,10,6,99.5625,76526.0,0.983748095479939,2.0,18.0
2030,2040,23168,13,6,92.3125,76526.0,0.9746063991874048,4.0,19.0
2040,2050,46592,10,6,87.6875,76526.0,0.9227526663280853,1.0,21.0
2050,2060,37248,7,6,98.75,76526.0,0.9537836465210767,0.0,23.0
2060,2070,27264,13,7,100.0,76526.0,0.9541899441340782,2.0,21.0
2070,2080,67968,6,4,100.0,76526.0,0.9789740985271711,3.0,22.0
2080,2090,26368,7,8,100.0,76526.0,0.9738953783646521,7.0,18.0
2090,2100,15040,17,6,97.875,76526.0,0.9071102082275266,6.0,16.0
2100,2110,19776,13,7,87.75,76526.0,0.9588115794819705,2.0,22.0
2110,2120,7744,3,9,100.0,76526.0,0.9939055358049771,5.0,20.0
2120,2130,12864,7,8,100.0,76526.0,0.9952260030472321,1.0,19.0
2130,2140,24448,14,6,100.0,76526.0,0.9803453529710513,5.0,19.0
2140,2150,101056,9,2,98.4375,76526.0,0.8671406805485018,0.0,25.0
2150,2160,120640,9,2,99.5,76526.0,0.9508887760284408,1.0,24.0
2160,2170,13376,7,8,89.0,76526.0,0.9555611985779584,2.0,22.0
2170,2180,34368,11,6,87.125,76526.0,0.9849669883189436,2.0,22.0
2180,2190,40704,13,6,96.5,76526.0,0.9243270695784662,0.0,25.0
2190,2200,9152,9,8,86.0,76526.0,0.7894362620619604,0.0,22.0
2200,2210,22848,11,5,99.75,76526.0,0.9943626206196039,0.0,23.0
2210,2220,53184,11,6,100.0,76526.0,0.9902488572879634,3.0,21.0
2220,2230,56704,9,6,99.625,76526.0,0.8224479431183341,0.0,22.0
2230,2240,62144,12,4,99.0625,76526.0,0.8796851193499238,1.0,25.0
2240,2250,80064,11,3,97.5,76526.0,0.9231081767394617,0.0,24.0
2250,2260,147456,9,0,99.5625,76526.0,0.7933468765871,1.0,24.0
2260,2270,66432,13,5,90.125,76526.0,0.9055358049771458,1.0,25.0
2270,2280,12096,10,7,97.8125,76526.0,0.8561198577958354,0.0,21.0
2280,2290,87936,9,4,98.8125,76526.0,0.9270187912646013,0.0,23.0
2290,2300,51136,15,4,99.75,76526.0,0.9472320975114271,3.0,22.0
2300,2310,36544,14,6,100.0,76526.0,0.9947689182326054,0.0,23.0
2310,2320,11008,13,7,100.0,76526.0,0.9589131538852209,0.0,24.0
2320,2330,54720,16,5,100.0,76526.0,0.9805992889791773,0.0,23.0
2330,2340,30848,8,7,99.5,76526.0,0.9685627221940071,2.0,21.0
2340,2350,6528,5,8,94.5625,76526.0,0.9902996444895886,3.0,20.0
2350,2360,39616,10,6,100.0,76526.0,0.9112747587607922,1.0,23.0
2360,2370,34944,13,6,100.0,76526.0,0.8158963941086846,0.0,21.0
2370,2380,14592,7,8,100.0,76526.0,0.6550533265617065,1.0,20.0
2380,2390,13632,12,8,97.5625,76526.0,0.6377856780091417,0.0,20.0
2390,2400,38080,15,5,84.125,76526.0,0.7431183341797867,1.0,19.0
2400,2410,0,0,12,96.3125,76526.0,0.5777044184865414,0.0,16.0
2410,2420,0,0,13,100.0,76526.0,0.46140172676485525,0.0,12.0
2420,2430,0,0,14,100.0,76526.0,0.4301675977653631,0.0,10.0
2430,2440,0,0,16,100.0,76526.0,0.3463687150837989,0.0,8.0
2440,2450,0,0,17,100.0,76526.0,0.27008633824276285,0.0,6.0
2450,2460,0,0,19,100.0,76526.0,0.20512950736414423,0.0,4.0
2460,2470,0,0,19,100.0,76526.0,0.20756729304215338,0.0,4.0
2470,2480,0,0,20,100.0,76526.0,0.2100558659217877,0.0,4.0
2480,2490,0,0,20,100.0,76526.0,0.21249365159979686,0.0,4.0
2490,2500,0,0,22,100.0,76526.0,0.13113255459624173,0.0,2.0
2500,2510,0,0,23,100.0,76526.0,0.1325545962417471,0.0,2.0
2510,2520,0,0,24,100.0,76526.0,0.06856272219400711,0.0,1.0
2520,2530,0,0,24,100.0,76526.0,0.06932453021838497,0.0,1.0
2530,2540,0,0,25,100.0,76526.0,0.07008633824276282,0.0,1.0
2540,2548.5781540870667,0,0,19,100.0,76526.0,0.07084814626714069,0.0,1.0
