epoch,rid,producer,received,dependency_t,ready_t,admitted_t,finish_t,target,ready_device,producer_admitted_t,ready_to_admit_ms,server_ttft_s
1,f0aff5fa0a7842a29d252195869aa4ec,2b49960ceffb4aafb6596cb6af55ae72,,14769241.157301,14769247.188651476,14769247.195473,14769247.401987903,16384,16384,14769241.157301,6.821524351835251,
1,d34d29ca5bb749d2bc6a34ccb98e54c6,2b49960ceffb4aafb6596cb6af55ae72,,14769241.157301,14769247.188651476,14769247.195473,14769247.383906584,16384,16384,14769241.157301,6.821524351835251,
1,b944f12d5505436b82bb358c1af1bbf2,2b49960ceffb4aafb6596cb6af55ae72,,14769241.157301,14769247.188651476,14769247.195473,14769247.400271855,16384,16384,14769241.157301,6.821524351835251,
2,626830ab985c45478acbe5accf0d1f41,23374072803c44d9a018615853569685,,14769247.848184,14769248.120217279,14769248.126991,14769248.249855135,16384,16384,14769247.848184,6.773721426725388,
2,eb676baa3ff74485aa9e8399b91e4052,23374072803c44d9a018615853569685,,14769247.848184,14769248.120217279,14769248.126991,14769248.242714493,16384,16384,14769247.848184,6.773721426725388,
2,f4d62ab592f247a893339d85cf221501,23374072803c44d9a018615853569685,,14769247.848184,14769248.120217279,14769248.126991,14769248.247971665,16384,16384,14769247.848184,6.773721426725388,
3,d3ac6881f5bf4369be11bb026810bb81,33eefd06d5e547f09726378ead69f1da,,14769248.952906,14769249.250362996,14769249.257079,14769249.372797571,16384,16384,14769248.952906,6.716003641486168,
3,710ad76605e7459e94ce6cd4edc18fff,33eefd06d5e547f09726378ead69f1da,,14769248.952906,14769249.250362996,14769249.257079,14769249.378826808,16384,16384,14769248.952906,6.716003641486168,
3,dbf9c495a7e54fdf8d50b5da4ded0e3d,33eefd06d5e547f09726378ead69f1da,,14769248.952906,14769249.250362996,14769249.257079,14769249.380478617,16384,16384,14769248.952906,6.716003641486168,
