run,cutoff_s,observed_rows,chain_n,chain_over,chain_p95,fully_observed_arrival_window
130e,600,518,71,21,115.7107527256012,True
130e,1800,518,71,21,115.7107527256012,False
130e,2400,518,71,21,115.7107527256012,False
130e,3600,518,71,21,115.7107527256012,False
130e5,600,525,71,13,58.88597273826599,True
130e5,1800,1582,139,18,58.88597273826599,True
130e5,2400,2099,178,22,58.88597273826599,True
130e5,3600,3132,257,27,50.777788400650024,True
130e9,600,522,72,15,63.938374280929565,True
130e9,1800,522,72,15,63.938374280929565,False
130e9,2400,522,72,15,63.938374280929565,False
130e9,3600,522,72,15,63.938374280929565,False
130ea,600,513,71,14,63.62556600570679,True
130ea,1800,513,71,14,63.62556600570679,False
130ea,2400,513,71,14,63.62556600570679,False
130ea,3600,513,71,14,63.62556600570679,False
130eb,600,517,71,15,63.701212644577026,True
130eb,1800,517,71,15,63.701212644577026,False
130eb,2400,517,71,15,63.701212644577026,False
130eb,3600,517,71,15,63.701212644577026,False
130ed,600,518,70,15,61.19242477416992,True
130ed,1800,1552,138,15,44.019986629486084,True
130ed,2400,2092,182,15,34.216453075408936,True
130ed,3600,3123,260,15,33.15933871269226,True
130ee,600,519,72,11,63.92988348007202,True
130ee,1800,1575,140,13,51.71058511734009,True
130ee,2400,2098,180,17,59.767523527145386,True
130ee,3600,3105,251,21,59.767523527145386,True
130ee5,600,511,76,16,70.86372900009155,True
130ee5,1800,1568,146,17,45.42553520202637,True
130ee5,2400,2147,193,17,42.932005643844604,True
130ee5,3600,3218,282,18,38.931132793426514,True
130eez,600,507,74,21,94.01650786399841,True
130eez,1800,1574,144,25,92.10823464393616,True
130eez,2400,2100,189,28,92.10823464393616,True
130eez,3600,3105,261,33,94.01650786399841,True
130eezy,600,520,78,19,109.36438536643982,True
130eezy,1800,1653,160,20,88.38150310516357,True
130eezy,2400,2240,213,20,85.32450366020203,True
130eezy,3600,3373,311,23,53.761887550354004,False
130eezz,600,516,77,19,109.66583395004272,True
130eezz,1800,1647,161,21,88.12843060493469,True
130eezz,2400,2228,211,21,85.3050229549408,True
130eezz,3600,3361,309,22,53.88765597343445,True
130ez1,600,508,76,16,69.43231010437012,True
130ez1,1800,1572,149,16,45.00837469100952,True
130ez1,2400,2147,193,16,42.43004751205444,True
130ez1,3600,3219,285,17,38.572651624679565,True
130ez4,600,508,76,16,71.29218888282776,True
130ez4,1800,508,76,16,71.29218888282776,False
130ez4,2400,508,76,16,71.29218888282776,False
130ez4,3600,508,76,16,71.29218888282776,False
130ez5,600,514,76,11,70.70371770858765,True
130ez5,1800,514,76,11,70.70371770858765,False
130ez5,2400,514,76,11,70.70371770858765,False
130ez5,3600,514,76,11,70.70371770858765,False
130ez6,600,506,75,16,71.63648748397827,True
130ez6,1800,506,75,16,71.63648748397827,False
130ez6,2400,506,75,16,71.63648748397827,False
130ez6,3600,506,75,16,71.63648748397827,False
130ez6z,600,509,75,16,71.13832068443298,False
130ez6z,1800,509,75,16,71.13832068443298,False
130ez6z,2400,509,75,16,71.13832068443298,False
130ez6z,3600,509,75,16,71.13832068443298,False
130ez6zz,600,511,75,16,71.08792018890381,True
130ez6zz,1800,511,75,16,71.08792018890381,False
130ez6zz,2400,511,75,16,71.08792018890381,False
130ez6zz,3600,511,75,16,71.08792018890381,False
130ez6zzz,600,506,75,11,70.28619122505188,True
130ez6zzz,1800,506,75,11,70.28619122505188,False
130ez6zzz,2400,506,75,11,70.28619122505188,False
130ez6zzz,3600,506,75,11,70.28619122505188,False
130ez6zzzz,600,505,76,11,71.33987283706665,True
130ez6zzzz,1800,505,76,11,71.33987283706665,False
130ez6zzzz,2400,505,76,11,71.33987283706665,False
130ez6zzzz,3600,505,76,11,71.33987283706665,False
130ez7,600,510,76,16,70.67108917236328,True
130ez7,1800,1576,149,16,45.265172243118286,True
130ez7,2400,1576,149,16,45.265172243118286,False
130ez7,3600,1576,149,16,45.265172243118286,False
130ez8,600,521,76,16,70.92562961578369,True
130ez8,1800,1588,150,16,45.49818563461304,True
130ez8,2400,1588,150,16,45.49818563461304,False
130ez8,3600,1588,150,16,45.49818563461304,False
130ez9,600,506,76,15,68.17728567123413,True
130ez9,1800,1564,145,16,43.67338514328003,False
130ez9,2400,1564,145,16,43.67338514328003,False
130ez9,3600,1564,145,16,43.67338514328003,False
130ezd,600,510,77,16,70.72227954864502,False
130ezd,1800,692,87,16,61.683640480041504,False
130ezd,2400,692,87,16,61.683640480041504,False
130ezd,3600,692,87,16,61.683640480041504,False
130ezd5,600,205,45,16,104.28519701957703,False
130ezd5,1800,205,45,16,104.28519701957703,False
130ezd5,2400,205,45,16,104.28519701957703,False
130ezd5,3600,205,45,16,104.28519701957703,False
130eze2,600,445,69,15,66.57711172103882,True
130eze2,1800,1369,133,15,49.63136434555054,True
130eze2,2400,1369,133,15,49.63136434555054,False
130eze2,3600,1369,133,15,49.63136434555054,False
130ezf,600,510,76,11,68.98779535293579,True
130ezf,1800,1588,149,11,44.49110507965088,False
130ezf,2400,1588,149,11,44.49110507965088,False
130ezf,3600,1588,149,11,44.49110507965088,False
130ezg,600,520,78,14,102.63696146011353,True
130ezg,1800,520,78,14,102.63696146011353,False
130ezg,2400,520,78,14,102.63696146011353,False
130ezg,3600,520,78,14,102.63696146011353,False
130ezh,600,447,69,11,67.76999115943909,True
130ezh,1800,1362,132,11,51.50507307052612,True
130ezh,2400,1362,132,11,51.50507307052612,False
130ezh,3600,1362,132,11,51.50507307052612,False
130ezi,600,459,74,14,100.42707753181458,True
130ezi,1800,1392,140,14,85.37231516838074,True
130ezi,2400,1392,140,14,85.37231516838074,False
130ezi,3600,1392,140,14,85.37231516838074,False
130ezj,600,448,70,11,68.52471804618835,True
130ezj,1800,448,70,11,68.52471804618835,False
130ezj,2400,448,70,11,68.52471804618835,False
130ezj,3600,448,70,11,68.52471804618835,False
130ezk,600,404,71,11,68.06919074058533,True
130ezk,1800,1208,119,11,53.007922649383545,True
130ezk,2400,1208,119,11,53.007922649383545,False
130ezk,3600,1208,119,11,53.007922649383545,False
130ezl,600,477,73,10,56.37701177597046,False
130ezl,1800,1399,146,10,45.16959190368652,False
130ezl,2400,1818,161,10,42.883662939071655,False
130ezl,3600,1818,161,10,42.883662939071655,False
130ezm,600,419,76,11,84.52934765815735,True
130ezm,1800,1310,148,11,57.53916835784912,True
130ezm,2400,1310,148,11,57.53916835784912,False
130ezm,3600,1310,148,11,57.53916835784912,False
130ezm5,600,464,73,8,56.59845805168152,True
130ezm5,1800,1336,140,8,43.74501943588257,True
130ezm5,2400,1828,160,8,42.26249432563782,True
130ezm5,3600,1828,160,8,42.26249432563782,False
130ezm6,600,424,66,8,55.878377199172974,True
130ezm6,1800,1183,134,8,43.51335287094116,True
130ezm6,2400,1601,152,8,41.83328366279602,False
130ezm6,3600,1601,152,8,41.83328366279602,False
130ezn,600,385,64,11,67.37146091461182,True
130ezn,1800,385,64,11,67.37146091461182,False
130ezn,2400,385,64,11,67.37146091461182,False
130ezn,3600,385,64,11,67.37146091461182,False
